Region,City,Year,Quarter,Total
Andalucía,Total,2010,1,1577.2
Andalucía,Almería,2010,1,1396.1
Andalucía,Cádiz,2010,1,1733.2
Andalucía,Córdoba,2010,1,1353.8
Andalucía,Granada,2010,1,1303.0
Andalucía,Huelva,2010,1,1554.9
Andalucía,Jaén,2010,1,1024.8
Andalucía,Málaga,2010,1,1951.9
Andalucía,Sevilla,2010,1,1636.4
Aragón,Total,2010,1,1623.1
Aragón,Huesca,2010,1,1344.1
Aragón,Teruel,2010,1,942.2
Aragón,Zaragoza,2010,1,1784.8
Principado de Asturias,Asturias,2010,1,1607.7
Illes Balears,Illes Balears,2010,1,2096.9
Canarias,Total,2010,1,1574.6
Canarias,Las Palmas,2010,1,1599.0
Canarias,Santa Cruz de Tenerife,2010,1,1536.9
Cantabria,Cantabria,2010,1,1873.3
Castilla y León,Total,2010,1,1365.4
Castilla y León,Ávila,2010,1,1250.8
Castilla y León,Burgos,2010,1,1669.2
Castilla y León,León,2010,1,1142.3
Castilla y León,Palencia,2010,1,1159.7
Castilla y León,Salamanca,2010,1,1420.3
Castilla y León,Segovia,2010,1,1383.6
Castilla y León,Soria,2010,1,1314.6
Castilla y León,Valladolid,2010,1,1486.4
Castilla y León,Zamora,2010,1,1094.1
Castilla - La Mancha,Total,2010,1,1198.6
Castilla - La Mancha,Albacete,2010,1,1194.5
Castilla - La Mancha,Ciudad Real,2010,1,947.9
Castilla - La Mancha,Cuenca,2010,1,960.1
Castilla - La Mancha,Guadalajara,2010,1,1569.6
Castilla - La Mancha,Toledo,2010,1,1177.3
Cataluña,Total,2010,1,2214.0
Cataluña,Barcelona,2010,1,2489.6
Cataluña,Girona,2010,1,1993.1
Cataluña,Lleida,2010,1,1284.0
Cataluña,Tarragona,2010,1,1737.9
Comunitat Valenciana,Total,2010,1,1441.7
Comunitat Valenciana,Alicante/Alacant,2010,1,1432.2
Comunitat Valenciana,Castellón/Castelló,2010,1,1480.3
Comunitat Valenciana,Valencia/València,2010,1,1417.0
Extremadura,Total,2010,1,981.8
Extremadura,Badajoz,2010,1,998.5
Extremadura,Cáceres,2010,1,938.5
Galicia,Total,2010,1,1416.6
Galicia,A Coruña,2010,1,1396.9
Galicia,Lugo,2010,1,989.7
Galicia,Ourense,2010,1,1108.5
Galicia,Pontevedra,2010,1,1531.6
Comunidad de Madrid,Madrid,2010,1,2572.6
Región de Murcia,Murcia,2010,1,1333.1
Comunidad Foral de Navarra,Navarra,2010,1,1598.2
País Vasco,Total,2010,1,2678.7
País Vasco,Araba/Álava,2010,1,2298.4
País Vasco,Gipuzkoa,2010,1,2858.6
País Vasco,Bizkaia,2010,1,2682.1
La Rioja,La Rioja,2010,1,1436.3
Ceuta,Ceuta,2010,1,1753.3
Melilla,Melilla,2010,1,1590.5
Andalucía,Total,2010,2,1567.8
Andalucía,Almería,2010,2,1402.2
Andalucía,Cádiz,2010,2,1726.0
Andalucía,Córdoba,2010,2,1355.2
Andalucía,Granada,2010,2,1323.2
Andalucía,Huelva,2010,2,1537.1
Andalucía,Jaén,2010,2,1058.9
Andalucía,Málaga,2010,2,1899.0
Andalucía,Sevilla,2010,2,1627.3
Aragón,Total,2010,2,1620.6
Aragón,Huesca,2010,2,1352.4
Aragón,Teruel,2010,2,985.2
Aragón,Zaragoza,2010,2,1779.3
Principado de Asturias,Asturias,2010,2,1612.1
Illes Balears,Illes Balears,2010,2,2075.7
Canarias,Total,2010,2,1547.6
Canarias,Las Palmas,2010,2,1583.6
Canarias,Santa Cruz de Tenerife,2010,2,1515.0
Cantabria,Cantabria,2010,2,1827.8
Castilla y León,Total,2010,2,1362.0
Castilla y León,Ávila,2010,2,1249.9
Castilla y León,Burgos,2010,2,1637.0
Castilla y León,León,2010,2,1118.3
Castilla y León,Palencia,2010,2,1155.8
Castilla y León,Salamanca,2010,2,1438.1
Castilla y León,Segovia,2010,2,1364.2
Castilla y León,Soria,2010,2,1354.0
Castilla y León,Valladolid,2010,2,1486.9
Castilla y León,Zamora,2010,2,1073.7
Castilla - La Mancha,Total,2010,2,1224.4
Castilla - La Mancha,Albacete,2010,2,1226.7
Castilla - La Mancha,Ciudad Real,2010,2,966.0
Castilla - La Mancha,Cuenca,2010,2,971.3
Castilla - La Mancha,Guadalajara,2010,2,1611.6
Castilla - La Mancha,Toledo,2010,2,1158.6
Cataluña,Total,2010,2,2221.1
Cataluña,Barcelona,2010,2,2508.6
Cataluña,Girona,2010,2,1976.4
Cataluña,Lleida,2010,2,1264.0
Cataluña,Tarragona,2010,2,1740.8
Comunitat Valenciana,Total,2010,2,1427.6
Comunitat Valenciana,Alicante/Alacant,2010,2,1435.1
Comunitat Valenciana,Castellón/Castelló,2010,2,1442.8
Comunitat Valenciana,Valencia/València,2010,2,1395.9
Extremadura,Total,2010,2,996.7
Extremadura,Badajoz,2010,2,1013.4
Extremadura,Cáceres,2010,2,957.0
Galicia,Total,2010,2,1406.4
Galicia,A Coruña,2010,2,1412.9
Galicia,Lugo,2010,2,1023.0
Galicia,Ourense,2010,2,1135.3
Galicia,Pontevedra,2010,2,1530.3
Comunidad de Madrid,Madrid,2010,2,2535.7
Región de Murcia,Murcia,2010,2,1319.6
Comunidad Foral de Navarra,Navarra,2010,2,1523.4
País Vasco,Total,2010,2,2659.2
País Vasco,Araba/Álava,2010,2,2304.6
País Vasco,Gipuzkoa,2010,2,2790.7
País Vasco,Bizkaia,2010,2,2658.2
La Rioja,La Rioja,2010,2,1448.0
Ceuta,Ceuta,2010,2,1786.6
Melilla,Melilla,2010,2,1645.7
Andalucía,Total,2010,3,1538.7
Andalucía,Almería,2010,3,1396.0
Andalucía,Cádiz,2010,3,1700.3
Andalucía,Córdoba,2010,3,1321.9
Andalucía,Granada,2010,3,1319.7
Andalucía,Huelva,2010,3,1520.8
Andalucía,Jaén,2010,3,1030.5
Andalucía,Málaga,2010,3,1853.6
Andalucía,Sevilla,2010,3,1596.8
Aragón,Total,2010,3,1622.0
Aragón,Huesca,2010,3,1410.4
Aragón,Teruel,2010,3,962.2
Aragón,Zaragoza,2010,3,1758.2
Principado de Asturias,Asturias,2010,3,1591.2
Illes Balears,Illes Balears,2010,3,2038.0
Canarias,Total,2010,3,1542.5
Canarias,Las Palmas,2010,3,1604.6
Canarias,Santa Cruz de Tenerife,2010,3,1471.7
Cantabria,Cantabria,2010,3,1806.1
Castilla y León,Total,2010,3,1341.5
Castilla y León,Ávila,2010,3,1209.4
Castilla y León,Burgos,2010,3,1581.3
Castilla y León,León,2010,3,1082.2
Castilla y León,Palencia,2010,3,1153.8
Castilla y León,Salamanca,2010,3,1382.4
Castilla y León,Segovia,2010,3,1400.1
Castilla y León,Soria,2010,3,1306.1
Castilla y León,Valladolid,2010,3,1497.1
Castilla y León,Zamora,2010,3,1058.5
Castilla - La Mancha,Total,2010,3,1213.9
Castilla - La Mancha,Albacete,2010,3,1182.4
Castilla - La Mancha,Ciudad Real,2010,3,960.9
Castilla - La Mancha,Cuenca,2010,3,972.3
Castilla - La Mancha,Guadalajara,2010,3,1552.4
Castilla - La Mancha,Toledo,2010,3,1187.3
Cataluña,Total,2010,3,2192.6
Cataluña,Barcelona,2010,3,2459.4
Cataluña,Girona,2010,3,1952.6
Cataluña,Lleida,2010,3,1268.3
Cataluña,Tarragona,2010,3,1724.0
Comunitat Valenciana,Total,2010,3,1404.1
Comunitat Valenciana,Alicante/Alacant,2010,3,1399.5
Comunitat Valenciana,Castellón/Castelló,2010,3,1456.8
Comunitat Valenciana,Valencia/València,2010,3,1377.4
Extremadura,Total,2010,3,969.3
Extremadura,Badajoz,2010,3,983.9
Extremadura,Cáceres,2010,3,946.8
Galicia,Total,2010,3,1403.1
Galicia,A Coruña,2010,3,1398.4
Galicia,Lugo,2010,3,1019.6
Galicia,Ourense,2010,3,1151.7
Galicia,Pontevedra,2010,3,1536.9
Comunidad de Madrid,Madrid,2010,3,2493.9
Región de Murcia,Murcia,2010,3,1314.7
Comunidad Foral de Navarra,Navarra,2010,3,1475.1
País Vasco,Total,2010,3,2597.1
País Vasco,Araba/Álava,2010,3,2230.2
País Vasco,Gipuzkoa,2010,3,2686.7
País Vasco,Bizkaia,2010,3,2633.4
La Rioja,La Rioja,2010,3,1448.2
Ceuta,Ceuta,2010,3,1785.7
Melilla,Melilla,2010,3,1581.7
Andalucía,Total,2010,4,1544.8
Andalucía,Almería,2010,4,1416.3
Andalucía,Cádiz,2010,4,1714.2
Andalucía,Córdoba,2010,4,1295.7
Andalucía,Granada,2010,4,1302.0
Andalucía,Huelva,2010,4,1485.8
Andalucía,Jaén,2010,4,1021.6
Andalucía,Málaga,2010,4,1859.0
Andalucía,Sevilla,2010,4,1622.5
Aragón,Total,2010,4,1603.3
Aragón,Huesca,2010,4,1405.5
Aragón,Teruel,2010,4,953.7
Aragón,Zaragoza,2010,4,1750.7
Principado de Asturias,Asturias,2010,4,1610.3
Illes Balears,Illes Balears,2010,4,2069.2
Canarias,Total,2010,4,1542.8
Canarias,Las Palmas,2010,4,1597.4
Canarias,Santa Cruz de Tenerife,2010,4,1474.4
Cantabria,Cantabria,2010,4,1835.3
Castilla y León,Total,2010,4,1355.5
Castilla y León,Ávila,2010,4,1186.9
Castilla y León,Burgos,2010,4,1638.8
Castilla y León,León,2010,4,1123.8
Castilla y León,Palencia,2010,4,1181.2
Castilla y León,Salamanca,2010,4,1405.7
Castilla y León,Segovia,2010,4,1400.8
Castilla y León,Soria,2010,4,1345.5
Castilla y León,Valladolid,2010,4,1471.3
Castilla y León,Zamora,2010,4,1088.0
Castilla - La Mancha,Total,2010,4,1212.4
Castilla - La Mancha,Albacete,2010,4,1205.3
Castilla - La Mancha,Ciudad Real,2010,4,980.3
Castilla - La Mancha,Cuenca,2010,4,970.2
Castilla - La Mancha,Guadalajara,2010,4,1573.6
Castilla - La Mancha,Toledo,2010,4,1151.7
Cataluña,Total,2010,4,2181.3
Cataluña,Barcelona,2010,4,2461.1
Cataluña,Girona,2010,4,1934.6
Cataluña,Lleida,2010,4,1264.1
Cataluña,Tarragona,2010,4,1684.8
Comunitat Valenciana,Total,2010,4,1412.4
Comunitat Valenciana,Alicante/Alacant,2010,4,1381.5
Comunitat Valenciana,Castellón/Castelló,2010,4,1482.7
Comunitat Valenciana,Valencia/València,2010,4,1386.3
Extremadura,Total,2010,4,982.3
Extremadura,Badajoz,2010,4,991.7
Extremadura,Cáceres,2010,4,971.1
Galicia,Total,2010,4,1436.9
Galicia,A Coruña,2010,4,1448.6
Galicia,Lugo,2010,4,1035.7
Galicia,Ourense,2010,4,1179.9
Galicia,Pontevedra,2010,4,1557.7
Comunidad de Madrid,Madrid,2010,4,2451.9
Región de Murcia,Murcia,2010,4,1284.0
Comunidad Foral de Navarra,Navarra,2010,4,1489.0
País Vasco,Total,2010,4,2619.9
País Vasco,Araba/Álava,2010,4,2186.3
País Vasco,Gipuzkoa,2010,4,2690.3
País Vasco,Bizkaia,2010,4,2661.8
La Rioja,La Rioja,2010,4,1414.1
Ceuta,Ceuta,2010,4,1834.2
Melilla,Melilla,2010,4,1541.3
Andalucía,Total,2011,1,1511.9
Andalucía,Almería,2011,1,1357.7
Andalucía,Cádiz,2011,1,1680.0
Andalucía,Córdoba,2011,1,1302.8
Andalucía,Granada,2011,1,1279.0
Andalucía,Huelva,2011,1,1447.8
Andalucía,Jaén,2011,1,1024.9
Andalucía,Málaga,2011,1,1805.1
Andalucía,Sevilla,2011,1,1594.8
Aragón,Total,2011,1,1584.5
Aragón,Huesca,2011,1,1458.0
Aragón,Teruel,2011,1,957.2
Aragón,Zaragoza,2011,1,1687.1
Principado de Asturias,Asturias,2011,1,1537.3
Illes Balears,Illes Balears,2011,1,2014.8
Canarias,Total,2011,1,1526.0
Canarias,Las Palmas,2011,1,1531.9
Canarias,Santa Cruz de Tenerife,2011,1,1523.3000000000002
Cantabria,Cantabria,2011,1,1738.1
Castilla y León,Total,2011,1,1315.5
Castilla y León,Ávila,2011,1,1164.7
Castilla y León,Burgos,2011,1,1556.5
Castilla y León,León,2011,1,1088.8
Castilla y León,Palencia,2011,1,1164.0
Castilla y León,Salamanca,2011,1,1406.2
Castilla y León,Segovia,2011,1,1326.5
Castilla y León,Soria,2011,1,1362.8
Castilla y León,Valladolid,2011,1,1415.4
Castilla y León,Zamora,2011,1,1047.9
Castilla - La Mancha,Total,2011,1,1171.3
Castilla - La Mancha,Albacete,2011,1,1176.8
Castilla - La Mancha,Ciudad Real,2011,1,926.7
Castilla - La Mancha,Cuenca,2011,1,1008.8
Castilla - La Mancha,Guadalajara,2011,1,1522.7
Castilla - La Mancha,Toledo,2011,1,1129.6
Cataluña,Total,2011,1,2123.7
Cataluña,Barcelona,2011,1,2392.7
Cataluña,Girona,2011,1,1905.8
Cataluña,Lleida,2011,1,1204.5
Cataluña,Tarragona,2011,1,1661.2
Comunitat Valenciana,Total,2011,1,1361.6
Comunitat Valenciana,Alicante/Alacant,2011,1,1376.9
Comunitat Valenciana,Castellón/Castelló,2011,1,1407.2
Comunitat Valenciana,Valencia/València,2011,1,1330.0
Extremadura,Total,2011,1,967.6
Extremadura,Badajoz,2011,1,964.7
Extremadura,Cáceres,2011,1,978.8
Galicia,Total,2011,1,1373.1
Galicia,A Coruña,2011,1,1402.5
Galicia,Lugo,2011,1,1004.4
Galicia,Ourense,2011,1,1123.1
Galicia,Pontevedra,2011,1,1490.0
Comunidad de Madrid,Madrid,2011,1,2350.8
Región de Murcia,Murcia,2011,1,1237.0
Comunidad Foral de Navarra,Navarra,2011,1,1458.9
País Vasco,Total,2011,1,2575.7
País Vasco,Araba/Álava,2011,1,2109.5
País Vasco,Gipuzkoa,2011,1,2791.4
País Vasco,Bizkaia,2011,1,2561.8
La Rioja,La Rioja,2011,1,1427.5
Ceuta,Ceuta,2011,1,1753.1
Melilla,Melilla,2011,1,1505.1
Andalucía,Total,2011,2,1503.4
Andalucía,Almería,2011,2,1377.3
Andalucía,Cádiz,2011,2,1668.6
Andalucía,Córdoba,2011,2,1332.5
Andalucía,Granada,2011,2,1276.8
Andalucía,Huelva,2011,2,1415.3
Andalucía,Jaén,2011,2,1017.1
Andalucía,Málaga,2011,2,1810.5
Andalucía,Sevilla,2011,2,1568.3
Aragón,Total,2011,2,1510.1
Aragón,Huesca,2011,2,1401.2
Aragón,Teruel,2011,2,956.0
Aragón,Zaragoza,2011,2,1637.1
Principado de Asturias,Asturias,2011,2,1596.7
Illes Balears,Illes Balears,2011,2,1985.8
Canarias,Total,2011,2,1483.6
Canarias,Las Palmas,2011,2,1509.2
Canarias,Santa Cruz de Tenerife,2011,2,1449.2
Cantabria,Cantabria,2011,2,1773.5
Castilla y León,Total,2011,2,1296.4
Castilla y León,Ávila,2011,2,1176.5
Castilla y León,Burgos,2011,2,1523.5
Castilla y León,León,2011,2,1117.3
Castilla y León,Palencia,2011,2,1176.0
Castilla y León,Salamanca,2011,2,1423.2
Castilla y León,Segovia,2011,2,1338.4
Castilla y León,Soria,2011,2,1301.6999999999998
Castilla y León,Valladolid,2011,2,1351.9
Castilla y León,Zamora,2011,2,1031.2
Castilla - La Mancha,Total,2011,2,1146.5
Castilla - La Mancha,Albacete,2011,2,1156.6
Castilla - La Mancha,Ciudad Real,2011,2,940.5
Castilla - La Mancha,Cuenca,2011,2,999.3
Castilla - La Mancha,Guadalajara,2011,2,1432.8
Castilla - La Mancha,Toledo,2011,2,1138.6
Cataluña,Total,2011,2,2108.3
Cataluña,Barcelona,2011,2,2379.4
Cataluña,Girona,2011,2,1829.5
Cataluña,Lleida,2011,2,1186.6
Cataluña,Tarragona,2011,2,1672.0
Comunitat Valenciana,Total,2011,2,1325.7
Comunitat Valenciana,Alicante/Alacant,2011,2,1338.7
Comunitat Valenciana,Castellón/Castelló,2011,2,1392.1
Comunitat Valenciana,Valencia/València,2011,2,1288.5
Extremadura,Total,2011,2,956.9
Extremadura,Badajoz,2011,2,945.4
Extremadura,Cáceres,2011,2,986.9
Galicia,Total,2011,2,1369.3
Galicia,A Coruña,2011,2,1389.9
Galicia,Lugo,2011,2,1052.8
Galicia,Ourense,2011,2,1108.8
Galicia,Pontevedra,2011,2,1425.0
Comunidad de Madrid,Madrid,2011,2,2339.9
Región de Murcia,Murcia,2011,2,1217.3
Comunidad Foral de Navarra,Navarra,2011,2,1433.9
País Vasco,Total,2011,2,2551.1
País Vasco,Araba/Álava,2011,2,2152.2
País Vasco,Gipuzkoa,2011,2,2727.9
País Vasco,Bizkaia,2011,2,2558.6
La Rioja,La Rioja,2011,2,1390.3
Ceuta,Ceuta,2011,2,1832.6
Melilla,Melilla,2011,2,1641.4
Andalucía,Total,2011,3,1474.1
Andalucía,Almería,2011,3,1323.8
Andalucía,Cádiz,2011,3,1637.7
Andalucía,Córdoba,2011,3,1308.6
Andalucía,Granada,2011,3,1291.1
Andalucía,Huelva,2011,3,1405.4
Andalucía,Jaén,2011,3,1012.0
Andalucía,Málaga,2011,3,1736.2
Andalucía,Sevilla,2011,3,1556.7
Aragón,Total,2011,3,1491.1
Aragón,Huesca,2011,3,1406.5
Aragón,Teruel,2011,3,926.8
Aragón,Zaragoza,2011,3,1586.4
Principado de Asturias,Asturias,2011,3,1574.2
Illes Balears,Illes Balears,2011,3,1953.1
Canarias,Total,2011,3,1492.5
Canarias,Las Palmas,2011,3,1488.5
Canarias,Santa Cruz de Tenerife,2011,3,1504.1
Cantabria,Cantabria,2011,3,1789.0
Castilla y León,Total,2011,3,1269.4
Castilla y León,Ávila,2011,3,1115.9
Castilla y León,Burgos,2011,3,1441.0
Castilla y León,León,2011,3,1092.9
Castilla y León,Palencia,2011,3,1191.2
Castilla y León,Salamanca,2011,3,1378.8
Castilla y León,Segovia,2011,3,1290.2
Castilla y León,Soria,2011,3,1308.2
Castilla y León,Valladolid,2011,3,1333.4
Castilla y León,Zamora,2011,3,1034.4
Castilla - La Mancha,Total,2011,3,1138.7
Castilla - La Mancha,Albacete,2011,3,1141.8
Castilla - La Mancha,Ciudad Real,2011,3,949.3
Castilla - La Mancha,Cuenca,2011,3,1002.1
Castilla - La Mancha,Guadalajara,2011,3,1399.2
Castilla - La Mancha,Toledo,2011,3,1104.6
Cataluña,Total,2011,3,2051.8
Cataluña,Barcelona,2011,3,2306.9
Cataluña,Girona,2011,3,1880.4
Cataluña,Lleida,2011,3,1215.3
Cataluña,Tarragona,2011,3,1575.6
Comunitat Valenciana,Total,2011,3,1334.1
Comunitat Valenciana,Alicante/Alacant,2011,3,1358.5
Comunitat Valenciana,Castellón/Castelló,2011,3,1379.7
Comunitat Valenciana,Valencia/València,2011,3,1308.0
Extremadura,Total,2011,3,975.3
Extremadura,Badajoz,2011,3,930.5
Extremadura,Cáceres,2011,3,1060.7
Galicia,Total,2011,3,1363.1
Galicia,A Coruña,2011,3,1368.7
Galicia,Lugo,2011,3,1007.4
Galicia,Ourense,2011,3,1068.5
Galicia,Pontevedra,2011,3,1465.1
Comunidad de Madrid,Madrid,2011,3,2272.5
Región de Murcia,Murcia,2011,3,1222.6
Comunidad Foral de Navarra,Navarra,2011,3,1360.5
País Vasco,Total,2011,3,2578.0
País Vasco,Araba/Álava,2011,3,2223.2
País Vasco,Gipuzkoa,2011,3,2746.0
País Vasco,Bizkaia,2011,3,2567.1
La Rioja,La Rioja,2011,3,1349.4
Ceuta,Ceuta,2011,3,1826.6
Melilla,Melilla,2011,3,1575.6
Andalucía,Total,2011,4,1433.9
Andalucía,Almería,2011,4,1288.4
Andalucía,Cádiz,2011,4,1600.8
Andalucía,Córdoba,2011,4,1341.5
Andalucía,Granada,2011,4,1275.2
Andalucía,Huelva,2011,4,1357.0
Andalucía,Jaén,2011,4,1004.0
Andalucía,Málaga,2011,4,1692.3
Andalucía,Sevilla,2011,4,1531.7
Aragón,Total,2011,4,1437.9
Aragón,Huesca,2011,4,1332.5
Aragón,Teruel,2011,4,958.5
Aragón,Zaragoza,2011,4,1544.0
Principado de Asturias,Asturias,2011,4,1552.4
Illes Balears,Illes Balears,2011,4,1934.6
Canarias,Total,2011,4,1428.5
Canarias,Las Palmas,2011,4,1424.7
Canarias,Santa Cruz de Tenerife,2011,4,1439.8
Cantabria,Cantabria,2011,4,1775.4
Castilla y León,Total,2011,4,1279.1
Castilla y León,Ávila,2011,4,1135.4
Castilla y León,Burgos,2011,4,1402.5
Castilla y León,León,2011,4,1099.9
Castilla y León,Palencia,2011,4,1125.9
Castilla y León,Salamanca,2011,4,1350.5
Castilla y León,Segovia,2011,4,1232.0
Castilla y León,Soria,2011,4,1299.4
Castilla y León,Valladolid,2011,4,1397.1
Castilla y León,Zamora,2011,4,1056.9
Castilla - La Mancha,Total,2011,4,1145.8
Castilla - La Mancha,Albacete,2011,4,1133.8
Castilla - La Mancha,Ciudad Real,2011,4,992.0
Castilla - La Mancha,Cuenca,2011,4,1008.6
Castilla - La Mancha,Guadalajara,2011,4,1401.4
Castilla - La Mancha,Toledo,2011,4,1115.8
Cataluña,Total,2011,4,2016.0
Cataluña,Barcelona,2011,4,2251.9
Cataluña,Girona,2011,4,1839.8
Cataluña,Lleida,2011,4,1230.9
Cataluña,Tarragona,2011,4,1594.9
Comunitat Valenciana,Total,2011,4,1317.1
Comunitat Valenciana,Alicante/Alacant,2011,4,1367.9
Comunitat Valenciana,Castellón/Castelló,2011,4,1339.7
Comunitat Valenciana,Valencia/València,2011,4,1273.6
Extremadura,Total,2011,4,962.8
Extremadura,Badajoz,2011,4,936.2
Extremadura,Cáceres,2011,4,1017.3
Galicia,Total,2011,4,1337.1
Galicia,A Coruña,2011,4,1342.3
Galicia,Lugo,2011,4,1000.4
Galicia,Ourense,2011,4,1097.2
Galicia,Pontevedra,2011,4,1423.3
Comunidad de Madrid,Madrid,2011,4,2229.6
Región de Murcia,Murcia,2011,4,1208.7
Comunidad Foral de Navarra,Navarra,2011,4,1421.4
País Vasco,Total,2011,4,2540.4
País Vasco,Araba/Álava,2011,4,2289.1
País Vasco,Gipuzkoa,2011,4,2696.7
País Vasco,Bizkaia,2011,4,2538.6
La Rioja,La Rioja,2011,4,1295.0
Ceuta,Ceuta,2011,4,1774.8
Melilla,Melilla,2011,4,1660.7
Andalucía,Total,2012,1,1374.1
Andalucía,Almería,2012,1,1247.8
Andalucía,Cádiz,2012,1,1594.1
Andalucía,Córdoba,2012,1,1319.1
Andalucía,Granada,2012,1,1214.7
Andalucía,Huelva,2012,1,1349.3
Andalucía,Jaén,2012,1,958.2
Andalucía,Málaga,2012,1,1678.4
Andalucía,Sevilla,2012,1,1476.4
Aragón,Total,2012,1,1427.9
Aragón,Huesca,2012,1,1391.8
Aragón,Teruel,2012,1,951.5
Aragón,Zaragoza,2012,1,1514.5
Principado de Asturias,Asturias,2012,1,1500.8
Illes Balears,Illes Balears,2012,1,1869.8
Canarias,Total,2012,1,1436.9
Canarias,Las Palmas,2012,1,1416.8
Canarias,Santa Cruz de Tenerife,2012,1,1466.8
Cantabria,Cantabria,2012,1,1724.2
Castilla y León,Total,2012,1,1220.8
Castilla y León,Ávila,2012,1,1129.1
Castilla y León,Burgos,2012,1,1334.2
Castilla y León,León,2012,1,1032.3
Castilla y León,Palencia,2012,1,1105.4
Castilla y León,Salamanca,2012,1,1314.9
Castilla y León,Segovia,2012,1,1209.0
Castilla y León,Soria,2012,1,1329.1
Castilla y León,Valladolid,2012,1,1315.9
Castilla y León,Zamora,2012,1,990.9
Castilla - La Mancha,Total,2012,1,1091.0
Castilla - La Mancha,Albacete,2012,1,1093.1
Castilla - La Mancha,Ciudad Real,2012,1,961.6
Castilla - La Mancha,Cuenca,2012,1,923.8
Castilla - La Mancha,Guadalajara,2012,1,1369.1
Castilla - La Mancha,Toledo,2012,1,1057.7
Cataluña,Total,2012,1,1945.5
Cataluña,Barcelona,2012,1,2178.1
Cataluña,Girona,2012,1,1765.8
Cataluña,Lleida,2012,1,1200.7
Cataluña,Tarragona,2012,1,1501.9
Comunitat Valenciana,Total,2012,1,1254.1
Comunitat Valenciana,Alicante/Alacant,2012,1,1288.1
Comunitat Valenciana,Castellón/Castelló,2012,1,1342.7
Comunitat Valenciana,Valencia/València,2012,1,1204.7
Extremadura,Total,2012,1,920.4
Extremadura,Badajoz,2012,1,899.7
Extremadura,Cáceres,2012,1,962.1
Galicia,Total,2012,1,1277.7
Galicia,A Coruña,2012,1,1293.1
Galicia,Lugo,2012,1,952.5
Galicia,Ourense,2012,1,1052.3
Galicia,Pontevedra,2012,1,1345.1
Comunidad de Madrid,Madrid,2012,1,2161.0
Región de Murcia,Murcia,2012,1,1163.4
Comunidad Foral de Navarra,Navarra,2012,1,1376.9
País Vasco,Total,2012,1,2526.0
País Vasco,Araba/Álava,2012,1,2249.6
País Vasco,Gipuzkoa,2012,1,2735.3
País Vasco,Bizkaia,2012,1,2491.9
La Rioja,La Rioja,2012,1,1300.1
Ceuta,Ceuta,2012,1,1794.3
Melilla,Melilla,2012,1,1624.4
Andalucía,Total,2012,2,1339.7
Andalucía,Almería,2012,2,1181.8
Andalucía,Cádiz,2012,2,1507.2
Andalucía,Córdoba,2012,2,1333.1
Andalucía,Granada,2012,2,1227.9
Andalucía,Huelva,2012,2,1354.0
Andalucía,Jaén,2012,2,911.6
Andalucía,Málaga,2012,2,1652.6
Andalucía,Sevilla,2012,2,1417.6
Aragón,Total,2012,2,1376.7
Aragón,Huesca,2012,2,1418.9
Aragón,Teruel,2012,2,913.3
Aragón,Zaragoza,2012,2,1434.6
Principado de Asturias,Asturias,2012,2,1487.0
Illes Balears,Illes Balears,2012,2,1845.2
Canarias,Total,2012,2,1375.5
Canarias,Las Palmas,2012,2,1362.2
Canarias,Santa Cruz de Tenerife,2012,2,1395.2
Cantabria,Cantabria,2012,2,1748.1
Castilla y León,Total,2012,2,1217.3
Castilla y León,Ávila,2012,2,1139.3
Castilla y León,Burgos,2012,2,1370.8
Castilla y León,León,2012,2,1033.3
Castilla y León,Palencia,2012,2,1074.4
Castilla y León,Salamanca,2012,2,1280.9
Castilla y León,Segovia,2012,2,1198.6
Castilla y León,Soria,2012,2,1268.4
Castilla y León,Valladolid,2012,2,1326.7
Castilla y León,Zamora,2012,2,998.7
Castilla - La Mancha,Total,2012,2,1054.5
Castilla - La Mancha,Albacete,2012,2,1064.2
Castilla - La Mancha,Ciudad Real,2012,2,910.3
Castilla - La Mancha,Cuenca,2012,2,868.9
Castilla - La Mancha,Guadalajara,2012,2,1308.1
Castilla - La Mancha,Toledo,2012,2,1045.5
Cataluña,Total,2012,2,1881.4
Cataluña,Barcelona,2012,2,2106.1
Cataluña,Girona,2012,2,1696.0
Cataluña,Lleida,2012,2,1146.4
Cataluña,Tarragona,2012,2,1467.3
Comunitat Valenciana,Total,2012,2,1210.9
Comunitat Valenciana,Alicante/Alacant,2012,2,1255.4
Comunitat Valenciana,Castellón/Castelló,2012,2,1286.0
Comunitat Valenciana,Valencia/València,2012,2,1168.6
Extremadura,Total,2012,2,897.6
Extremadura,Badajoz,2012,2,902.4
Extremadura,Cáceres,2012,2,906.8
Galicia,Total,2012,2,1271.8
Galicia,A Coruña,2012,2,1339.1
Galicia,Lugo,2012,2,936.6
Galicia,Ourense,2012,2,1004.9
Galicia,Pontevedra,2012,2,1295.5
Comunidad de Madrid,Madrid,2012,2,2099.8
Región de Murcia,Murcia,2012,2,1150.7
Comunidad Foral de Navarra,Navarra,2012,2,1351.7
País Vasco,Total,2012,2,2490.9
País Vasco,Araba/Álava,2012,2,2250.5
País Vasco,Gipuzkoa,2012,2,2697.0
País Vasco,Bizkaia,2012,2,2445.3
La Rioja,La Rioja,2012,2,1300.3
Ceuta,Ceuta,2012,2,1801.7
Melilla,Melilla,2012,2,1604.9
Andalucía,Total,2012,3,1317.1
Andalucía,Almería,2012,3,1187.4
Andalucía,Cádiz,2012,3,1477.3
Andalucía,Córdoba,2012,3,1315.2
Andalucía,Granada,2012,3,1177.2
Andalucía,Huelva,2012,3,1293.5
Andalucía,Jaén,2012,3,912.8
Andalucía,Málaga,2012,3,1566.1
Andalucía,Sevilla,2012,3,1376.3
Aragón,Total,2012,3,1325.7
Aragón,Huesca,2012,3,1366.4
Aragón,Teruel,2012,3,898.6
Aragón,Zaragoza,2012,3,1372.4
Principado de Asturias,Asturias,2012,3,1488.3
Illes Balears,Illes Balears,2012,3,1793.6
Canarias,Total,2012,3,1316.4
Canarias,Las Palmas,2012,3,1295.2
Canarias,Santa Cruz de Tenerife,2012,3,1338.8
Cantabria,Cantabria,2012,3,1679.8
Castilla y León,Total,2012,3,1195.3
Castilla y León,Ávila,2012,3,1126.1
Castilla y León,Burgos,2012,3,1307.0
Castilla y León,León,2012,3,1008.3
Castilla y León,Palencia,2012,3,1091.9
Castilla y León,Salamanca,2012,3,1283.5
Castilla y León,Segovia,2012,3,1239.3
Castilla y León,Soria,2012,3,1243.9
Castilla y León,Valladolid,2012,3,1248.3
Castilla y León,Zamora,2012,3,948.7
Castilla - La Mancha,Total,2012,3,1024.4
Castilla - La Mancha,Albacete,2012,3,1055.6
Castilla - La Mancha,Ciudad Real,2012,3,907.6
Castilla - La Mancha,Cuenca,2012,3,838.3
Castilla - La Mancha,Guadalajara,2012,3,1253.6
Castilla - La Mancha,Toledo,2012,3,1005.5
Cataluña,Total,2012,3,1832.0
Cataluña,Barcelona,2012,3,2057.3
Cataluña,Girona,2012,3,1643.3
Cataluña,Lleida,2012,3,1101.5
Cataluña,Tarragona,2012,3,1409.1
Comunitat Valenciana,Total,2012,3,1188.8
Comunitat Valenciana,Alicante/Alacant,2012,3,1275.6
Comunitat Valenciana,Castellón/Castelló,2012,3,1189.0
Comunitat Valenciana,Valencia/València,2012,3,1130.7
Extremadura,Total,2012,3,863.0
Extremadura,Badajoz,2012,3,851.5
Extremadura,Cáceres,2012,3,893.5
Galicia,Total,2012,3,1237.5
Galicia,A Coruña,2012,3,1305.6
Galicia,Lugo,2012,3,865.3
Galicia,Ourense,2012,3,1023.3
Galicia,Pontevedra,2012,3,1256.0
Comunidad de Madrid,Madrid,2012,3,2020.7
Región de Murcia,Murcia,2012,3,1109.3
Comunidad Foral de Navarra,Navarra,2012,3,1321.1
País Vasco,Total,2012,3,2482.0
País Vasco,Araba/Álava,2012,3,2071.7
País Vasco,Gipuzkoa,2012,3,2745.4
País Vasco,Bizkaia,2012,3,2455.7
La Rioja,La Rioja,2012,3,1266.7
Ceuta,Ceuta,2012,3,1763.5
Melilla,Melilla,2012,3,1634.2
Andalucía,Total,2012,4,1283.3
Andalucía,Almería,2012,4,1156.9
Andalucía,Cádiz,2012,4,1441.0
Andalucía,Córdoba,2012,4,1255.3
Andalucía,Granada,2012,4,1142.4
Andalucía,Huelva,2012,4,1242.2
Andalucía,Jaén,2012,4,876.3
Andalucía,Málaga,2012,4,1542.4
Andalucía,Sevilla,2012,4,1330.1
Aragón,Total,2012,4,1306.8
Aragón,Huesca,2012,4,1297.1
Aragón,Teruel,2012,4,859.6
Aragón,Zaragoza,2012,4,1393.7
Principado de Asturias,Asturias,2012,4,1430.5
Illes Balears,Illes Balears,2012,4,1781.4
Canarias,Total,2012,4,1262.8
Canarias,Las Palmas,2012,4,1247.1
Canarias,Santa Cruz de Tenerife,2012,4,1279.8
Cantabria,Cantabria,2012,4,1636.7
Castilla y León,Total,2012,4,1193.7
Castilla y León,Ávila,2012,4,1091.1
Castilla y León,Burgos,2012,4,1329.1
Castilla y León,León,2012,4,966.2
Castilla y León,Palencia,2012,4,1105.2
Castilla y León,Salamanca,2012,4,1295.4
Castilla y León,Segovia,2012,4,1171.3
Castilla y León,Soria,2012,4,1173.5
Castilla y León,Valladolid,2012,4,1308.0
Castilla y León,Zamora,2012,4,966.2
Castilla - La Mancha,Total,2012,4,1022.5
Castilla - La Mancha,Albacete,2012,4,1074.3
Castilla - La Mancha,Ciudad Real,2012,4,898.8
Castilla - La Mancha,Cuenca,2012,4,815.3
Castilla - La Mancha,Guadalajara,2012,4,1267.3
Castilla - La Mancha,Toledo,2012,4,990.6
Cataluña,Total,2012,4,1798.0
Cataluña,Barcelona,2012,4,2021.3
Cataluña,Girona,2012,4,1614.3
Cataluña,Lleida,2012,4,1082.1
Cataluña,Tarragona,2012,4,1370.1
Comunitat Valenciana,Total,2012,4,1139.9
Comunitat Valenciana,Alicante/Alacant,2012,4,1195.0
Comunitat Valenciana,Castellón/Castelló,2012,4,1171.4
Comunitat Valenciana,Valencia/València,2012,4,1088.4
Extremadura,Total,2012,4,882.3
Extremadura,Badajoz,2012,4,864.7
Extremadura,Cáceres,2012,4,927.4
Galicia,Total,2012,4,1186.3000000000002
Galicia,A Coruña,2012,4,1227.2
Galicia,Lugo,2012,4,852.6
Galicia,Ourense,2012,4,1011.7
Galicia,Pontevedra,2012,4,1217.3
Comunidad de Madrid,Madrid,2012,4,1962.4
Región de Murcia,Murcia,2012,4,1036.5
Comunidad Foral de Navarra,Navarra,2012,4,1351.1
País Vasco,Total,2012,4,2493.0
País Vasco,Araba/Álava,2012,4,2166.3
País Vasco,Gipuzkoa,2012,4,2674.7
País Vasco,Bizkaia,2012,4,2486.8
La Rioja,La Rioja,2012,4,1275.1
Ceuta,Ceuta,2012,4,1676.8
Melilla,Melilla,2012,4,1550.5
Andalucía,Total,2013,1,1281.6
Andalucía,Almería,2013,1,1161.9
Andalucía,Cádiz,2013,1,1406.4
Andalucía,Córdoba,2013,1,1226.3
Andalucía,Granada,2013,1,1173.1
Andalucía,Huelva,2013,1,1279.6
Andalucía,Jaén,2013,1,859.5
Andalucía,Málaga,2013,1,1537.9
Andalucía,Sevilla,2013,1,1338.6
Aragón,Total,2013,1,1261.9
Aragón,Huesca,2013,1,1231.9
Aragón,Teruel,2013,1,817.9
Aragón,Zaragoza,2013,1,1335.7
Principado de Asturias,Asturias,2013,1,1414.3
Illes Balears,Illes Balears,2013,1,1816.1
Canarias,Total,2013,1,1266.9
Canarias,Las Palmas,2013,1,1295.4
Canarias,Santa Cruz de Tenerife,2013,1,1233.7
Cantabria,Cantabria,2013,1,1585.9
Castilla y León,Total,2013,1,1151.8
Castilla y León,Ávila,2013,1,991.5
Castilla y León,Burgos,2013,1,1262.2
Castilla y León,León,2013,1,969.7
Castilla y León,Palencia,2013,1,1051.4
Castilla y León,Salamanca,2013,1,1283.0
Castilla y León,Segovia,2013,1,1106.8
Castilla y León,Soria,2013,1,1107.0
Castilla y León,Valladolid,2013,1,1260.0
Castilla y León,Zamora,2013,1,933.3
Castilla - La Mancha,Total,2013,1,978.2
Castilla - La Mancha,Albacete,2013,1,1010.8
Castilla - La Mancha,Ciudad Real,2013,1,862.9
Castilla - La Mancha,Cuenca,2013,1,855.2
Castilla - La Mancha,Guadalajara,2013,1,1224.6
Castilla - La Mancha,Toledo,2013,1,937.9
Cataluña,Total,2013,1,1746.7
Cataluña,Barcelona,2013,1,1966.9
Cataluña,Girona,2013,1,1555.3
Cataluña,Lleida,2013,1,1036.9
Cataluña,Tarragona,2013,1,1331.7
Comunitat Valenciana,Total,2013,1,1133.9
Comunitat Valenciana,Alicante/Alacant,2013,1,1198.4
Comunitat Valenciana,Castellón/Castelló,2013,1,1127.9
Comunitat Valenciana,Valencia/València,2013,1,1093.4
Extremadura,Total,2013,1,884.8
Extremadura,Badajoz,2013,1,878.9
Extremadura,Cáceres,2013,1,899.8
Galicia,Total,2013,1,1194.0
Galicia,A Coruña,2013,1,1205.8
Galicia,Lugo,2013,1,890.7
Galicia,Ourense,2013,1,991.4
Galicia,Pontevedra,2013,1,1249.1
Comunidad de Madrid,Madrid,2013,1,1984.7
Región de Murcia,Murcia,2013,1,1047.3
Comunidad Foral de Navarra,Navarra,2013,1,1367.7
País Vasco,Total,2013,1,2501.8
País Vasco,Araba/Álava,2013,1,2112.4
País Vasco,Gipuzkoa,2013,1,2677.4
País Vasco,Bizkaia,2013,1,2523.9
La Rioja,La Rioja,2013,1,1218.0
Ceuta,Ceuta,2013,1,1700.2
Melilla,Melilla,2013,1,1558.0
Andalucía,Total,2013,2,1255.3
Andalucía,Almería,2013,2,1164.3
Andalucía,Cádiz,2013,2,1355.0
Andalucía,Córdoba,2013,2,1191.9
Andalucía,Granada,2013,2,1157.9
Andalucía,Huelva,2013,2,1224.0
Andalucía,Jaén,2013,2,865.9
Andalucía,Málaga,2013,2,1529.4
Andalucía,Sevilla,2013,2,1295.5
Aragón,Total,2013,2,1224.8
Aragón,Huesca,2013,2,1188.3
Aragón,Teruel,2013,2,832.8000000000001
Aragón,Zaragoza,2013,2,1301.4
Principado de Asturias,Asturias,2013,2,1348.5
Illes Balears,Illes Balears,2013,2,1822.9
Canarias,Total,2013,2,1287.8000000000002
Canarias,Las Palmas,2013,2,1323.9
Canarias,Santa Cruz de Tenerife,2013,2,1247.8
Cantabria,Cantabria,2013,2,1588.2
Castilla y León,Total,2013,2,1119.3
Castilla y León,Ávila,2013,2,949.8
Castilla y León,Burgos,2013,2,1254.9
Castilla y León,León,2013,2,957.4
Castilla y León,Palencia,2013,2,1048.0
Castilla y León,Salamanca,2013,2,1212.8
Castilla y León,Segovia,2013,2,1115.9
Castilla y León,Soria,2013,2,1109.1
Castilla y León,Valladolid,2013,2,1209.1
Castilla y León,Zamora,2013,2,871.6
Castilla - La Mancha,Total,2013,2,942.7
Castilla - La Mancha,Albacete,2013,2,973.6
Castilla - La Mancha,Ciudad Real,2013,2,827.6
Castilla - La Mancha,Cuenca,2013,2,812.6
Castilla - La Mancha,Guadalajara,2013,2,1164.4
Castilla - La Mancha,Toledo,2013,2,905.4
Cataluña,Total,2013,2,1683.6
Cataluña,Barcelona,2013,2,1897.2
Cataluña,Girona,2013,2,1488.0
Cataluña,Lleida,2013,2,987.0
Cataluña,Tarragona,2013,2,1286.6
Comunitat Valenciana,Total,2013,2,1135.5
Comunitat Valenciana,Alicante/Alacant,2013,2,1200.9
Comunitat Valenciana,Castellón/Castelló,2013,2,1144.1
Comunitat Valenciana,Valencia/València,2013,2,1086.9
Extremadura,Total,2013,2,891.6999999999999
Extremadura,Badajoz,2013,2,895.3
Extremadura,Cáceres,2013,2,885.9
Galicia,Total,2013,2,1204.2
Galicia,A Coruña,2013,2,1213.7
Galicia,Lugo,2013,2,896.3
Galicia,Ourense,2013,2,987.9
Galicia,Pontevedra,2013,2,1241.1
Comunidad de Madrid,Madrid,2013,2,2015.2
Región de Murcia,Murcia,2013,2,1053.4
Comunidad Foral de Navarra,Navarra,2013,2,1376.2
País Vasco,Total,2013,2,2517.7
País Vasco,Araba/Álava,2013,2,2077.2
País Vasco,Gipuzkoa,2013,2,2689.5
País Vasco,Bizkaia,2013,2,2558.8
La Rioja,La Rioja,2013,2,1155.4
Ceuta,Ceuta,2013,2,
Melilla,Melilla,2013,2,
Andalucía,Total,2013,3,1233.8
Andalucía,Almería,2013,3,1172.8
Andalucía,Cádiz,2013,3,1311.4
Andalucía,Córdoba,2013,3,1197.2
Andalucía,Granada,2013,3,1129.7
Andalucía,Huelva,2013,3,1165.3
Andalucía,Jaén,2013,3,856.8
Andalucía,Málaga,2013,3,1479.8
Andalucía,Sevilla,2013,3,1267.8
Aragón,Total,2013,3,1198.1
Aragón,Huesca,2013,3,1244.6
Aragón,Teruel,2013,3,800.1
Aragón,Zaragoza,2013,3,1243.8
Principado de Asturias,Asturias,2013,3,1349.1
Illes Balears,Illes Balears,2013,3,1889.1
Canarias,Total,2013,3,1279.8
Canarias,Las Palmas,2013,3,1316.3
Canarias,Santa Cruz de Tenerife,2013,3,1242.8
Cantabria,Cantabria,2013,3,1508.6
Castilla y León,Total,2013,3,1092.0
Castilla y León,Ávila,2013,3,909.7
Castilla y León,Burgos,2013,3,1225.5
Castilla y León,León,2013,3,908.0
Castilla y León,Palencia,2013,3,1019.8
Castilla y León,Salamanca,2013,3,1192.5
Castilla y León,Segovia,2013,3,1110.7
Castilla y León,Soria,2013,3,1080.4
Castilla y León,Valladolid,2013,3,1186.6
Castilla y León,Zamora,2013,3,874.7
Castilla - La Mancha,Total,2013,3,921.7
Castilla - La Mancha,Albacete,2013,3,966.9
Castilla - La Mancha,Ciudad Real,2013,3,813.2
Castilla - La Mancha,Cuenca,2013,3,837.7
Castilla - La Mancha,Guadalajara,2013,3,1128.9
Castilla - La Mancha,Toledo,2013,3,871.3
Cataluña,Total,2013,3,1672.0
Cataluña,Barcelona,2013,3,1888.1
Cataluña,Girona,2013,3,1489.2
Cataluña,Lleida,2013,3,970.8
Cataluña,Tarragona,2013,3,1259.7
Comunitat Valenciana,Total,2013,3,1144.6999999999998
Comunitat Valenciana,Alicante/Alacant,2013,3,1237.5
Comunitat Valenciana,Castellón/Castelló,2013,3,1116.5
Comunitat Valenciana,Valencia/València,2013,3,1077.5
Extremadura,Total,2013,3,892.6
Extremadura,Badajoz,2013,3,899.2
Extremadura,Cáceres,2013,3,870.9
Galicia,Total,2013,3,1192.1
Galicia,A Coruña,2013,3,1178.9
Galicia,Lugo,2013,3,860.9
Galicia,Ourense,2013,3,963.3
Galicia,Pontevedra,2013,3,1264.5
Comunidad de Madrid,Madrid,2013,3,2032.2
Región de Murcia,Murcia,2013,3,1040.2
Comunidad Foral de Navarra,Navarra,2013,3,1370.1
País Vasco,Total,2013,3,2490.9
País Vasco,Araba/Álava,2013,3,2062.7
País Vasco,Gipuzkoa,2013,3,2716.5
País Vasco,Bizkaia,2013,3,2493.5
La Rioja,La Rioja,2013,3,1121.0
Ceuta,Ceuta,2013,3,1673.0
Melilla,Melilla,2013,3,
Andalucía,Total,2013,4,1204.3
Andalucía,Almería,2013,4,1114.3
Andalucía,Cádiz,2013,4,1277.1
Andalucía,Córdoba,2013,4,1155.2
Andalucía,Granada,2013,4,1115.9
Andalucía,Huelva,2013,4,1120.2
Andalucía,Jaén,2013,4,821.8
Andalucía,Málaga,2013,4,1442.3
Andalucía,Sevilla,2013,4,1266.7
Aragón,Total,2013,4,1161.7
Aragón,Huesca,2013,4,1190.8
Aragón,Teruel,2013,4,814.7
Aragón,Zaragoza,2013,4,1207.2
Principado de Asturias,Asturias,2013,4,1331.2
Illes Balears,Illes Balears,2013,4,1857.0
Canarias,Total,2013,4,1271.9
Canarias,Las Palmas,2013,4,1340.7
Canarias,Santa Cruz de Tenerife,2013,4,1197.3
Cantabria,Cantabria,2013,4,1440.9
Castilla y León,Total,2013,4,1077.7
Castilla y León,Ávila,2013,4,878.0
Castilla y León,Burgos,2013,4,1179.0
Castilla y León,León,2013,4,925.8
Castilla y León,Palencia,2013,4,1049.6
Castilla y León,Salamanca,2013,4,1191.3
Castilla y León,Segovia,2013,4,1066.0
Castilla y León,Soria,2013,4,1113.8
Castilla y León,Valladolid,2013,4,1149.8
Castilla y León,Zamora,2013,4,906.6
Castilla - La Mancha,Total,2013,4,900.1
Castilla - La Mancha,Albacete,2013,4,924.5
Castilla - La Mancha,Ciudad Real,2013,4,794.0
Castilla - La Mancha,Cuenca,2013,4,813.5
Castilla - La Mancha,Guadalajara,2013,4,1083.5
Castilla - La Mancha,Toledo,2013,4,848.2
Cataluña,Total,2013,4,1656.9
Cataluña,Barcelona,2013,4,1874.2
Cataluña,Girona,2013,4,1445.3
Cataluña,Lleida,2013,4,1006.5
Cataluña,Tarragona,2013,4,1240.2
Comunitat Valenciana,Total,2013,4,1119.2
Comunitat Valenciana,Alicante/Alacant,2013,4,1204.8
Comunitat Valenciana,Castellón/Castelló,2013,4,1077.2
Comunitat Valenciana,Valencia/València,2013,4,1060.9
Extremadura,Total,2013,4,846.1
Extremadura,Badajoz,2013,4,849.0
Extremadura,Cáceres,2013,4,841.9
Galicia,Total,2013,4,1196.0
Galicia,A Coruña,2013,4,1202.2
Galicia,Lugo,2013,4,829.8
Galicia,Ourense,2013,4,945.4
Galicia,Pontevedra,2013,4,1262.4
Comunidad de Madrid,Madrid,2013,4,2012.7
Región de Murcia,Murcia,2013,4,997.6
Comunidad Foral de Navarra,Navarra,2013,4,1328.7
País Vasco,Total,2013,4,2435.9
País Vasco,Araba/Álava,2013,4,2044.1
País Vasco,Gipuzkoa,2013,4,2692.9
País Vasco,Bizkaia,2013,4,2409.3
La Rioja,La Rioja,2013,4,1071.4
Ceuta,Ceuta,2013,4,1736.1
Melilla,Melilla,2013,4,1450.8
Andalucía,Total,2014,1,1204.3
Andalucía,Almería,2014,1,1108.0
Andalucía,Cádiz,2014,1,1297.1
Andalucía,Córdoba,2014,1,1150.5
Andalucía,Granada,2014,1,1097.8
Andalucía,Huelva,2014,1,1116.2
Andalucía,Jaén,2014,1,806.7
Andalucía,Málaga,2014,1,1464.7
Andalucía,Sevilla,2014,1,1242.0
Aragón,Total,2014,1,1155.1
Aragón,Huesca,2014,1,1167.6
Aragón,Teruel,2014,1,797.7
Aragón,Zaragoza,2014,1,1205.3
Principado de Asturias,Asturias,2014,1,1342.2
Illes Balears,Illes Balears,2014,1,1863.8
Canarias,Total,2014,1,1254.8
Canarias,Las Palmas,2014,1,1316.2
Canarias,Santa Cruz de Tenerife,2014,1,1190.5
Cantabria,Cantabria,2014,1,1474.3
Castilla y León,Total,2014,1,1074.9
Castilla y León,Ávila,2014,1,893.4
Castilla y León,Burgos,2014,1,1150.1
Castilla y León,León,2014,1,907.5
Castilla y León,Palencia,2014,1,1017.6
Castilla y León,Salamanca,2014,1,1201.6
Castilla y León,Segovia,2014,1,1075.2
Castilla y León,Soria,2014,1,1102.0
Castilla y León,Valladolid,2014,1,1171.2
Castilla y León,Zamora,2014,1,893.3
Castilla - La Mancha,Total,2014,1,887.6
Castilla - La Mancha,Albacete,2014,1,930.3
Castilla - La Mancha,Ciudad Real,2014,1,775.9
Castilla - La Mancha,Cuenca,2014,1,831.9
Castilla - La Mancha,Guadalajara,2014,1,1074.8
Castilla - La Mancha,Toledo,2014,1,817.8
Cataluña,Total,2014,1,1650.0
Cataluña,Barcelona,2014,1,1869.0
Cataluña,Girona,2014,1,1429.2
Cataluña,Lleida,2014,1,969.6
Cataluña,Tarragona,2014,1,1232.7
Comunitat Valenciana,Total,2014,1,1106.7
Comunitat Valenciana,Alicante/Alacant,2014,1,1200.9
Comunitat Valenciana,Castellón/Castelló,2014,1,1044.7
Comunitat Valenciana,Valencia/València,2014,1,1041.7
Extremadura,Total,2014,1,844.3
Extremadura,Badajoz,2014,1,853.9
Extremadura,Cáceres,2014,1,824.5
Galicia,Total,2014,1,1181.4
Galicia,A Coruña,2014,1,1190.6
Galicia,Lugo,2014,1,799.5
Galicia,Ourense,2014,1,956.8
Galicia,Pontevedra,2014,1,1248.5
Comunidad de Madrid,Madrid,2014,1,2001.5
Región de Murcia,Murcia,2014,1,985.6
Comunidad Foral de Navarra,Navarra,2014,1,1313.3170179618764
País Vasco,Total,2014,1,2426.8
País Vasco,Araba/Álava,2014,1,2029.5
País Vasco,Gipuzkoa,2014,1,2679.3
País Vasco,Bizkaia,2014,1,2402.4
La Rioja,La Rioja,2014,1,1079.4
Ceuta,Ceuta,2014,1,1770.8
Melilla,Melilla,2014,1,1439.9
Andalucía,Total,2014,2,1203.7
Andalucía,Almería,2014,2,1110.0
Andalucía,Cádiz,2014,2,1289.9
Andalucía,Córdoba,2014,2,1131.1
Andalucía,Granada,2014,2,1085.5
Andalucía,Huelva,2014,2,1103.9
Andalucía,Jaén,2014,2,799.0
Andalucía,Málaga,2014,2,1475.0
Andalucía,Sevilla,2014,2,1246.3
Aragón,Total,2014,2,1160.4
Aragón,Huesca,2014,2,1160.5
Aragón,Teruel,2014,2,776.9
Aragón,Zaragoza,2014,2,1215.9
Principado de Asturias,Asturias,2014,2,1292.6
Illes Balears,Illes Balears,2014,2,1888.6
Canarias,Total,2014,2,1264.1
Canarias,Las Palmas,2014,2,1305.5
Canarias,Santa Cruz de Tenerife,2014,2,1224.2
Cantabria,Cantabria,2014,2,1494.0
Castilla y León,Total,2014,2,1052.5
Castilla y León,Ávila,2014,2,869.4
Castilla y León,Burgos,2014,2,1135.0
Castilla y León,León,2014,2,889.7
Castilla y León,Palencia,2014,2,1000.6
Castilla y León,Salamanca,2014,2,1170.6
Castilla y León,Segovia,2014,2,1053.4
Castilla y León,Soria,2014,2,1065.6
Castilla y León,Valladolid,2014,2,1146.3
Castilla y León,Zamora,2014,2,875.1
Castilla - La Mancha,Total,2014,2,893.2
Castilla - La Mancha,Albacete,2014,2,928.3
Castilla - La Mancha,Ciudad Real,2014,2,783.0
Castilla - La Mancha,Cuenca,2014,2,816.0
Castilla - La Mancha,Guadalajara,2014,2,1081.8
Castilla - La Mancha,Toledo,2014,2,823.6
Cataluña,Total,2014,2,1650.4
Cataluña,Barcelona,2014,2,1866.5
Cataluña,Girona,2014,2,1437.4
Cataluña,Lleida,2014,2,965.1
Cataluña,Tarragona,2014,2,1239.2
Comunitat Valenciana,Total,2014,2,1114.9
Comunitat Valenciana,Alicante/Alacant,2014,2,1197.8
Comunitat Valenciana,Castellón/Castelló,2014,2,1057.5
Comunitat Valenciana,Valencia/València,2014,2,1063.9
Extremadura,Total,2014,2,830.8
Extremadura,Badajoz,2014,2,832.6
Extremadura,Cáceres,2014,2,828.1
Galicia,Total,2014,2,1164.0
Galicia,A Coruña,2014,2,1165.0
Galicia,Lugo,2014,2,799.3
Galicia,Ourense,2014,2,923.0
Galicia,Pontevedra,2014,2,1236.1
Comunidad de Madrid,Madrid,2014,2,1997.8
Región de Murcia,Murcia,2014,2,994.3
Comunidad Foral de Navarra,Navarra,2014,2,1290.1022457067372
País Vasco,Total,2014,2,2430.2
País Vasco,Araba/Álava,2014,2,1985.9
País Vasco,Gipuzkoa,2014,2,2717.0
País Vasco,Bizkaia,2014,2,2391.1
La Rioja,La Rioja,2014,2,1094.9
Ceuta,Ceuta,2014,2,1734.2
Melilla,Melilla,2014,2,1432.4
Andalucía,Total,2014,3,1203.6
Andalucía,Almería,2014,3,1089.5
Andalucía,Cádiz,2014,3,1302.8
Andalucía,Córdoba,2014,3,1117.3
Andalucía,Granada,2014,3,1064.9
Andalucía,Huelva,2014,3,1106.8
Andalucía,Jaén,2014,3,791.4
Andalucía,Málaga,2014,3,1490.4
Andalucía,Sevilla,2014,3,1253.8
Aragón,Total,2014,3,1144.4
Aragón,Huesca,2014,3,1132.6
Aragón,Teruel,2014,3,792.9
Aragón,Zaragoza,2014,3,1199.4
Principado de Asturias,Asturias,2014,3,1291.2
Illes Balears,Illes Balears,2014,3,1881.8
Canarias,Total,2014,3,1277.4
Canarias,Las Palmas,2014,3,1326.2
Canarias,Santa Cruz de Tenerife,2014,3,1231.2
Cantabria,Cantabria,2014,3,1485.7
Castilla y León,Total,2014,3,1050.4
Castilla y León,Ávila,2014,3,850.7
Castilla y León,Burgos,2014,3,1144.6
Castilla y León,León,2014,3,869.6
Castilla y León,Palencia,2014,3,1002.7
Castilla y León,Salamanca,2014,3,1157.4
Castilla y León,Segovia,2014,3,1059.5
Castilla y León,Soria,2014,3,1024.1
Castilla y León,Valladolid,2014,3,1160.9
Castilla y León,Zamora,2014,3,883.0
Castilla - La Mancha,Total,2014,3,883.9
Castilla - La Mancha,Albacete,2014,3,911.6
Castilla - La Mancha,Ciudad Real,2014,3,793.4
Castilla - La Mancha,Cuenca,2014,3,808.1
Castilla - La Mancha,Guadalajara,2014,3,1059.3
Castilla - La Mancha,Toledo,2014,3,809.1
Cataluña,Total,2014,3,1653.9
Cataluña,Barcelona,2014,3,1877.2
Cataluña,Girona,2014,3,1417.6
Cataluña,Lleida,2014,3,979.3
Cataluña,Tarragona,2014,3,1222.0
Comunitat Valenciana,Total,2014,3,1108.3
Comunitat Valenciana,Alicante/Alacant,2014,3,1190.0
Comunitat Valenciana,Castellón/Castelló,2014,3,1036.9
Comunitat Valenciana,Valencia/València,2014,3,1052.6
Extremadura,Total,2014,3,843.6
Extremadura,Badajoz,2014,3,852.0
Extremadura,Cáceres,2014,3,825.0
Galicia,Total,2014,3,1158.8
Galicia,A Coruña,2014,3,1158.5
Galicia,Lugo,2014,3,811.1
Galicia,Ourense,2014,3,955.7
Galicia,Pontevedra,2014,3,1224.7
Comunidad de Madrid,Madrid,2014,3,1994.1
Región de Murcia,Murcia,2014,3,983.4
Comunidad Foral de Navarra,Navarra,2014,3,1281.2907600881815
País Vasco,Total,2014,3,2432.2
País Vasco,Araba/Álava,2014,3,1965.7
País Vasco,Gipuzkoa,2014,3,2730.1
País Vasco,Bizkaia,2014,3,2386.6
La Rioja,La Rioja,2014,3,1067.1
Ceuta,Ceuta,2014,3,1783.8
Melilla,Melilla,2014,3,1404.3
Andalucía,Total,2014,4,1208.1
Andalucía,Almería,2014,4,1099.7
Andalucía,Cádiz,2014,4,1312.8
Andalucía,Córdoba,2014,4,1118.1
Andalucía,Granada,2014,4,1070.1
Andalucía,Huelva,2014,4,1088.8
Andalucía,Jaén,2014,4,783.4
Andalucía,Málaga,2014,4,1479.9
Andalucía,Sevilla,2014,4,1272.3
Aragón,Total,2014,4,1156.8
Aragón,Huesca,2014,4,1144.4
Aragón,Teruel,2014,4,791.4
Aragón,Zaragoza,2014,4,1213.7
Principado de Asturias,Asturias,2014,4,1262.1
Illes Balears,Illes Balears,2014,4,1899.1
Canarias,Total,2014,4,1280.6
Canarias,Las Palmas,2014,4,1336.2
Canarias,Santa Cruz de Tenerife,2014,4,1222.8
Cantabria,Cantabria,2014,4,1493.7
Castilla y León,Total,2014,4,1038.6
Castilla y León,Ávila,2014,4,821.8
Castilla y León,Burgos,2014,4,1103.8
Castilla y León,León,2014,4,881.2
Castilla y León,Palencia,2014,4,1007.0
Castilla y León,Salamanca,2014,4,1167.1
Castilla y León,Segovia,2014,4,1002.9
Castilla y León,Soria,2014,4,1050.1
Castilla y León,Valladolid,2014,4,1149.2
Castilla y León,Zamora,2014,4,850.2
Castilla - La Mancha,Total,2014,4,871.5
Castilla - La Mancha,Albacete,2014,4,918.2
Castilla - La Mancha,Ciudad Real,2014,4,766.1
Castilla - La Mancha,Cuenca,2014,4,790.3
Castilla - La Mancha,Guadalajara,2014,4,1037.3
Castilla - La Mancha,Toledo,2014,4,801.4
Cataluña,Total,2014,4,1663.5
Cataluña,Barcelona,2014,4,1888.0
Cataluña,Girona,2014,4,1433.9
Cataluña,Lleida,2014,4,969.0
Cataluña,Tarragona,2014,4,1230.9
Comunitat Valenciana,Total,2014,4,1128.9
Comunitat Valenciana,Alicante/Alacant,2014,4,1217.5
Comunitat Valenciana,Castellón/Castelló,2014,4,1049.7
Comunitat Valenciana,Valencia/València,2014,4,1066.9
Extremadura,Total,2014,4,847.4
Extremadura,Badajoz,2014,4,859.3
Extremadura,Cáceres,2014,4,819.5
Galicia,Total,2014,4,1162.7
Galicia,A Coruña,2014,4,1178.1
Galicia,Lugo,2014,4,799.1
Galicia,Ourense,2014,4,934.6
Galicia,Pontevedra,2014,4,1221.8
Comunidad de Madrid,Madrid,2014,4,2021.7
Región de Murcia,Murcia,2014,4,992.4
Comunidad Foral de Navarra,Navarra,2014,4,1289.9881876085697
País Vasco,Total,2014,4,2399.1
País Vasco,Araba/Álava,2014,4,1958.2
País Vasco,Gipuzkoa,2014,4,2683.8
País Vasco,Bizkaia,2014,4,2354.8
La Rioja,La Rioja,2014,4,1038.0
Ceuta,Ceuta,2014,4,1736.8
Melilla,Melilla,2014,4,1462.1
Andalucía,Total,2015,1,1205.6
Andalucía,Almería,2015,1,1071.7
Andalucía,Cádiz,2015,1,1306.6
Andalucía,Córdoba,2015,1,1144.8
Andalucía,Granada,2015,1,1059.8
Andalucía,Huelva,2015,1,1059.0
Andalucía,Jaén,2015,1,806.7
Andalucía,Málaga,2015,1,1485.6
Andalucía,Sevilla,2015,1,1265.8
Aragón,Total,2015,1,1177.1
Aragón,Huesca,2015,1,1142.3
Aragón,Teruel,2015,1,801.9
Aragón,Zaragoza,2015,1,1237.5
Principado de Asturias,Asturias,2015,1,1254.6
Illes Balears,Illes Balears,2015,1,1862.8
Canarias,Total,2015,1,1298.2
Canarias,Las Palmas,2015,1,1359.3
Canarias,Santa Cruz de Tenerife,2015,1,1236.8
Cantabria,Cantabria,2015,1,1457.4
Castilla y León,Total,2015,1,1034.1
Castilla y León,Ávila,2015,1,823.3
Castilla y León,Burgos,2015,1,1136.2
Castilla y León,León,2015,1,841.1
Castilla y León,Palencia,2015,1,1039.7
Castilla y León,Salamanca,2015,1,1223.2
Castilla y León,Segovia,2015,1,987.6
Castilla y León,Soria,2015,1,1003.3
Castilla y León,Valladolid,2015,1,1112.4
Castilla y León,Zamora,2015,1,829.9
Castilla - La Mancha,Total,2015,1,876.7
Castilla - La Mancha,Albacete,2015,1,954.5
Castilla - La Mancha,Ciudad Real,2015,1,771.0
Castilla - La Mancha,Cuenca,2015,1,775.0
Castilla - La Mancha,Guadalajara,2015,1,1012.9
Castilla - La Mancha,Toledo,2015,1,805.5
Cataluña,Total,2015,1,1647.1
Cataluña,Barcelona,2015,1,1865.1
Cataluña,Girona,2015,1,1417.4
Cataluña,Lleida,2015,1,999.3
Cataluña,Tarragona,2015,1,1211.1
Comunitat Valenciana,Total,2015,1,1113.4
Comunitat Valenciana,Alicante/Alacant,2015,1,1207.7
Comunitat Valenciana,Castellón/Castelló,2015,1,1019.1
Comunitat Valenciana,Valencia/València,2015,1,1046.6
Extremadura,Total,2015,1,847.7
Extremadura,Badajoz,2015,1,878.1
Extremadura,Cáceres,2015,1,796.7
Galicia,Total,2015,1,1156.8
Galicia,A Coruña,2015,1,1168.4
Galicia,Lugo,2015,1,805.0
Galicia,Ourense,2015,1,956.4
Galicia,Pontevedra,2015,1,1199.5
Comunidad de Madrid,Madrid,2015,1,2032.3
Región de Murcia,Murcia,2015,1,971.2
Comunidad Foral de Navarra,Navarra,2015,1,1287.5890748898676
País Vasco,Total,2015,1,2388.0
País Vasco,Araba/Álava,2015,1,1914.6
País Vasco,Gipuzkoa,2015,1,2640.9
País Vasco,Bizkaia,2015,1,2371.1
La Rioja,La Rioja,2015,1,1069.5
Ceuta,Ceuta,2015,1,1676.5
Melilla,Melilla,2015,1,1484.6
Andalucía,Total,2015,2,1210.2
Andalucía,Almería,2015,2,1075.3
Andalucía,Cádiz,2015,2,1302.2
Andalucía,Córdoba,2015,2,1139.5
Andalucía,Granada,2015,2,1070.0
Andalucía,Huelva,2015,2,1081.9
Andalucía,Jaén,2015,2,827.5
Andalucía,Málaga,2015,2,1479.2
Andalucía,Sevilla,2015,2,1275.6
Aragón,Total,2015,2,1201.1
Aragón,Huesca,2015,2,1198.9
Aragón,Teruel,2015,2,792.5
Aragón,Zaragoza,2015,2,1258.7
Principado de Asturias,Asturias,2015,2,1259.7
Illes Balears,Illes Balears,2015,2,1915.2
Canarias,Total,2015,2,1315.2
Canarias,Las Palmas,2015,2,1352.7
Canarias,Santa Cruz de Tenerife,2015,2,1272.6
Cantabria,Cantabria,2015,2,1501.6
Castilla y León,Total,2015,2,1042.3
Castilla y León,Ávila,2015,2,818.6
Castilla y León,Burgos,2015,2,1125.4
Castilla y León,León,2015,2,868.5
Castilla y León,Palencia,2015,2,1053.7
Castilla y León,Salamanca,2015,2,1180.2
Castilla y León,Segovia,2015,2,1005.6
Castilla y León,Soria,2015,2,1046.0
Castilla y León,Valladolid,2015,2,1142.9
Castilla y León,Zamora,2015,2,851.2
Castilla - La Mancha,Total,2015,2,878.8
Castilla - La Mancha,Albacete,2015,2,965.6
Castilla - La Mancha,Ciudad Real,2015,2,784.8
Castilla - La Mancha,Cuenca,2015,2,798.7
Castilla - La Mancha,Guadalajara,2015,2,1000.6
Castilla - La Mancha,Toledo,2015,2,797.2
Cataluña,Total,2015,2,1673.3
Cataluña,Barcelona,2015,2,1891.4
Cataluña,Girona,2015,2,1445.5
Cataluña,Lleida,2015,2,1007.0
Cataluña,Tarragona,2015,2,1240.2
Comunitat Valenciana,Total,2015,2,1132.2
Comunitat Valenciana,Alicante/Alacant,2015,2,1229.0
Comunitat Valenciana,Castellón/Castelló,2015,2,1052.8
Comunitat Valenciana,Valencia/València,2015,2,1056.6
Extremadura,Total,2015,2,855.9
Extremadura,Badajoz,2015,2,874.3
Extremadura,Cáceres,2015,2,821.8
Galicia,Total,2015,2,1167.4
Galicia,A Coruña,2015,2,1176.5
Galicia,Lugo,2015,2,837.9
Galicia,Ourense,2015,2,938.4
Galicia,Pontevedra,2015,2,1214.2
Comunidad de Madrid,Madrid,2015,2,2066.9
Región de Murcia,Murcia,2015,2,979.5
Comunidad Foral de Navarra,Navarra,2015,2,1315.8
País Vasco,Total,2015,2,2425.6
País Vasco,Araba/Álava,2015,2,2007.5
País Vasco,Gipuzkoa,2015,2,2689.0
País Vasco,Bizkaia,2015,2,2389.3
La Rioja,La Rioja,2015,2,1081.7
Ceuta,Ceuta,2015,2,1704.5
Melilla,Melilla,2015,2,1414.6
Andalucía,Total,2015,3,1215.9
Andalucía,Almería,2015,3,1091.6
Andalucía,Cádiz,2015,3,1309.9
Andalucía,Córdoba,2015,3,1145.5
Andalucía,Granada,2015,3,1057.7
Andalucía,Huelva,2015,3,1080.4
Andalucía,Jaén,2015,3,820.0
Andalucía,Málaga,2015,3,1522.9
Andalucía,Sevilla,2015,3,1254.6
Aragón,Total,2015,3,1182.0
Aragón,Huesca,2015,3,1149.8
Aragón,Teruel,2015,3,770.9
Aragón,Zaragoza,2015,3,1249.5
Principado de Asturias,Asturias,2015,3,1247.2
Illes Balears,Illes Balears,2015,3,1944.9
Canarias,Total,2015,3,1308.2
Canarias,Las Palmas,2015,3,1359.5
Canarias,Santa Cruz de Tenerife,2015,3,1254.7
Cantabria,Cantabria,2015,3,1473.8
Castilla y León,Total,2015,3,1055.8
Castilla y León,Ávila,2015,3,840.8
Castilla y León,Burgos,2015,3,1132.0
Castilla y León,León,2015,3,889.4
Castilla y León,Palencia,2015,3,1035.5
Castilla y León,Salamanca,2015,3,1208.1
Castilla y León,Segovia,2015,3,1016.0
Castilla y León,Soria,2015,3,1060.6
Castilla y León,Valladolid,2015,3,1156.6
Castilla y León,Zamora,2015,3,847.5
Castilla - La Mancha,Total,2015,3,874.3
Castilla - La Mancha,Albacete,2015,3,939.3
Castilla - La Mancha,Ciudad Real,2015,3,765.2
Castilla - La Mancha,Cuenca,2015,3,787.5
Castilla - La Mancha,Guadalajara,2015,3,1018.8
Castilla - La Mancha,Toledo,2015,3,805.9
Cataluña,Total,2015,3,1674.5
Cataluña,Barcelona,2015,3,1896.6
Cataluña,Girona,2015,3,1456.7
Cataluña,Lleida,2015,3,988.0
Cataluña,Tarragona,2015,3,1221.5
Comunitat Valenciana,Total,2015,3,1131.2
Comunitat Valenciana,Alicante/Alacant,2015,3,1213.2
Comunitat Valenciana,Castellón/Castelló,2015,3,1068.3
Comunitat Valenciana,Valencia/València,2015,3,1064.1
Extremadura,Total,2015,3,858.4
Extremadura,Badajoz,2015,3,873.1
Extremadura,Cáceres,2015,3,829.6
Galicia,Total,2015,3,1167.8
Galicia,A Coruña,2015,3,1191.6
Galicia,Lugo,2015,3,815.6
Galicia,Ourense,2015,3,950.8
Galicia,Pontevedra,2015,3,1200.9
Comunidad de Madrid,Madrid,2015,3,2063.1
Región de Murcia,Murcia,2015,3,978.3
Comunidad Foral de Navarra,Navarra,2015,3,1302.1
País Vasco,Total,2015,3,2389.5
País Vasco,Araba/Álava,2015,3,1964.7
País Vasco,Gipuzkoa,2015,3,2692.6
País Vasco,Bizkaia,2015,3,2332.6
La Rioja,La Rioja,2015,3,1101.4
Ceuta,Ceuta,2015,3,1703.0
Melilla,Melilla,2015,3,1449.1
Andalucía,Total,2015,4,1220.6
Andalucía,Almería,2015,4,1099.5
Andalucía,Cádiz,2015,4,1290.5
Andalucía,Córdoba,2015,4,1168.2
Andalucía,Granada,2015,4,1075.1
Andalucía,Huelva,2015,4,1098.1
Andalucía,Jaén,2015,4,805.3
Andalucía,Málaga,2015,4,1517.9
Andalucía,Sevilla,2015,4,1272.8
Aragón,Total,2015,4,1183.6
Aragón,Huesca,2015,4,1173.7
Aragón,Teruel,2015,4,797.4
Aragón,Zaragoza,2015,4,1239.1
Principado de Asturias,Asturias,2015,4,1276.5
Illes Balears,Illes Balears,2015,4,2002.8
Canarias,Total,2015,4,1321.9
Canarias,Las Palmas,2015,4,1365.4
Canarias,Santa Cruz de Tenerife,2015,4,1274.6
Cantabria,Cantabria,2015,4,1433.0
Castilla y León,Total,2015,4,1066.5
Castilla y León,Ávila,2015,4,881.4
Castilla y León,Burgos,2015,4,1167.3
Castilla y León,León,2015,4,904.1
Castilla y León,Palencia,2015,4,1017.4
Castilla y León,Salamanca,2015,4,1183.1
Castilla y León,Segovia,2015,4,1010.0
Castilla y León,Soria,2015,4,1098.0
Castilla y León,Valladolid,2015,4,1158.2
Castilla y León,Zamora,2015,4,869.3
Castilla - La Mancha,Total,2015,4,884.8
Castilla - La Mancha,Albacete,2015,4,954.7
Castilla - La Mancha,Ciudad Real,2015,4,784.5
Castilla - La Mancha,Cuenca,2015,4,817.4
Castilla - La Mancha,Guadalajara,2015,4,1016.8
Castilla - La Mancha,Toledo,2015,4,805.7
Cataluña,Total,2015,4,1713.7
Cataluña,Barcelona,2015,4,1945.9
Cataluña,Girona,2015,4,1487.6
Cataluña,Lleida,2015,4,1025.9
Cataluña,Tarragona,2015,4,1226.2
Comunitat Valenciana,Total,2015,4,1143.4
Comunitat Valenciana,Alicante/Alacant,2015,4,1231.5
Comunitat Valenciana,Castellón/Castelló,2015,4,1065.1
Comunitat Valenciana,Valencia/València,2015,4,1075.5
Extremadura,Total,2015,4,867.8
Extremadura,Badajoz,2015,4,881.0
Extremadura,Cáceres,2015,4,841.2
Galicia,Total,2015,4,1175.4
Galicia,A Coruña,2015,4,1197.7
Galicia,Lugo,2015,4,818.4
Galicia,Ourense,2015,4,976.5
Galicia,Pontevedra,2015,4,1202.8
Comunidad de Madrid,Madrid,2015,4,2090.1
Región de Murcia,Murcia,2015,4,984.9
Comunidad Foral de Navarra,Navarra,2015,4,1309.6
País Vasco,Total,2015,4,2372.2
País Vasco,Araba/Álava,2015,4,1952.8
País Vasco,Gipuzkoa,2015,4,2660.4
País Vasco,Bizkaia,2015,4,2322.1
La Rioja,La Rioja,2015,4,1069.4
Ceuta,Ceuta,2015,4,1694.3
Melilla,Melilla,2015,4,1447.0
Andalucía,Total,2016,1,1207.5
Andalucía,Almería,2016,1,1076.3
Andalucía,Cádiz,2016,1,1288.3
Andalucía,Córdoba,2016,1,1144.3
Andalucía,Granada,2016,1,1080.3
Andalucía,Huelva,2016,1,1051.2
Andalucía,Jaén,2016,1,819.2
Andalucía,Málaga,2016,1,1538.0
Andalucía,Sevilla,2016,1,1217.6
Aragón,Total,2016,1,1177.1
Aragón,Huesca,2016,1,1126.7
Aragón,Teruel,2016,1,781.2
Aragón,Zaragoza,2016,1,1246.9
Principado de Asturias,Asturias,2016,1,1280.6
Illes Balears,Illes Balears,2016,1,2048.9
Canarias,Total,2016,1,1333.0
Canarias,Las Palmas,2016,1,1401.7
Canarias,Santa Cruz de Tenerife,2016,1,1262.1
Cantabria,Cantabria,2016,1,1449.0
Castilla y León,Total,2016,1,1058.4
Castilla y León,Ávila,2016,1,852.7
Castilla y León,Burgos,2016,1,1124.5
Castilla y León,León,2016,1,908.1
Castilla y León,Palencia,2016,1,1044.5
Castilla y León,Salamanca,2016,1,1214.7
Castilla y León,Segovia,2016,1,970.4
Castilla y León,Soria,2016,1,1052.6
Castilla y León,Valladolid,2016,1,1148.5
Castilla y León,Zamora,2016,1,895.8
Castilla - La Mancha,Total,2016,1,878.1
Castilla - La Mancha,Albacete,2016,1,950.0
Castilla - La Mancha,Ciudad Real,2016,1,773.4
Castilla - La Mancha,Cuenca,2016,1,796.2
Castilla - La Mancha,Guadalajara,2016,1,982.4
Castilla - La Mancha,Toledo,2016,1,819.5
Cataluña,Total,2016,1,1731.9
Cataluña,Barcelona,2016,1,1978.6
Cataluña,Girona,2016,1,1466.3
Cataluña,Lleida,2016,1,1016.4
Cataluña,Tarragona,2016,1,1235.5
Comunitat Valenciana,Total,2016,1,1141.9
Comunitat Valenciana,Alicante/Alacant,2016,1,1220.1
Comunitat Valenciana,Castellón/Castelló,2016,1,1066.8
Comunitat Valenciana,Valencia/València,2016,1,1082.9
Extremadura,Total,2016,1,884.1
Extremadura,Badajoz,2016,1,889.8
Extremadura,Cáceres,2016,1,868.8
Galicia,Total,2016,1,1190.4
Galicia,A Coruña,2016,1,1232.7
Galicia,Lugo,2016,1,844.9
Galicia,Ourense,2016,1,942.9
Galicia,Pontevedra,2016,1,1213.3
Comunidad de Madrid,Madrid,2016,1,2122.9
Región de Murcia,Murcia,2016,1,979.7
Comunidad Foral de Navarra,Navarra,2016,1,1288.3
País Vasco,Total,2016,1,2343.8
País Vasco,Araba/Álava,2016,1,1887.3
País Vasco,Gipuzkoa,2016,1,2571.2
País Vasco,Bizkaia,2016,1,2337.2
La Rioja,La Rioja,2016,1,1047.1
Ceuta,Ceuta,2016,1,1673.6
Melilla,Melilla,2016,1,1469.2
Andalucía,Total,2016,2,1220.3000000000002
Andalucía,Almería,2016,2,1099.5
Andalucía,Cádiz,2016,2,1297.8
Andalucía,Córdoba,2016,2,1128.9
Andalucía,Granada,2016,2,1080.6
Andalucía,Huelva,2016,2,1073.0
Andalucía,Jaén,2016,2,811.0
Andalucía,Málaga,2016,2,1562.9
Andalucía,Sevilla,2016,2,1237.9
Aragón,Total,2016,2,1181.7
Aragón,Huesca,2016,2,1118.7
Aragón,Teruel,2016,2,788.8
Aragón,Zaragoza,2016,2,1255.1
Principado de Asturias,Asturias,2016,2,1259.2
Illes Balears,Illes Balears,2016,2,2034.1
Canarias,Total,2016,2,1354.9
Canarias,Las Palmas,2016,2,1417.4
Canarias,Santa Cruz de Tenerife,2016,2,1288.3
Cantabria,Cantabria,2016,2,1491.9
Castilla y León,Total,2016,2,1057.9
Castilla y León,Ávila,2016,2,855.9
Castilla y León,Burgos,2016,2,1138.8
Castilla y León,León,2016,2,876.3
Castilla y León,Palencia,2016,2,1001.2
Castilla y León,Salamanca,2016,2,1201.1
Castilla y León,Segovia,2016,2,993.8
Castilla y León,Soria,2016,2,1068.9
Castilla y León,Valladolid,2016,2,1172.0
Castilla y León,Zamora,2016,2,911.7
Castilla - La Mancha,Total,2016,2,871.5999999999999
Castilla - La Mancha,Albacete,2016,2,930.7
Castilla - La Mancha,Ciudad Real,2016,2,776.2
Castilla - La Mancha,Cuenca,2016,2,817.1
Castilla - La Mancha,Guadalajara,2016,2,1014.3
Castilla - La Mancha,Toledo,2016,2,789.2
Cataluña,Total,2016,2,1754.5
Cataluña,Barcelona,2016,2,2013.9
Cataluña,Girona,2016,2,1461.3
Cataluña,Lleida,2016,2,1017.8
Cataluña,Tarragona,2016,2,1237.9
Comunitat Valenciana,Total,2016,2,1141.5
Comunitat Valenciana,Alicante/Alacant,2016,2,1215.7
Comunitat Valenciana,Castellón/Castelló,2016,2,1060.9
Comunitat Valenciana,Valencia/València,2016,2,1089.5
Extremadura,Total,2016,2,880.0
Extremadura,Badajoz,2016,2,890.5
Extremadura,Cáceres,2016,2,858.7
Galicia,Total,2016,2,1190.1
Galicia,A Coruña,2016,2,1204.6
Galicia,Lugo,2016,2,871.4
Galicia,Ourense,2016,2,943.7
Galicia,Pontevedra,2016,2,1236.9
Comunidad de Madrid,Madrid,2016,2,2170.4
Región de Murcia,Murcia,2016,2,975.3
Comunidad Foral de Navarra,Navarra,2016,2,1295.3
País Vasco,Total,2016,2,2383.2000000000003
País Vasco,Araba/Álava,2016,2,1904.3
País Vasco,Gipuzkoa,2016,2,2659.3
País Vasco,Bizkaia,2016,2,2352.5
La Rioja,La Rioja,2016,2,1080.7
Ceuta,Ceuta,2016,2,1735.7
Melilla,Melilla,2016,2,1447.5
Andalucía,Total,2016,3,1209.8
Andalucía,Almería,2016,3,1088.0
Andalucía,Cádiz,2016,3,1272.0
Andalucía,Córdoba,2016,3,1142.2
Andalucía,Granada,2016,3,1069.0
Andalucía,Huelva,2016,3,1065.2
Andalucía,Jaén,2016,3,830.4
Andalucía,Málaga,2016,3,1528.5
Andalucía,Sevilla,2016,3,1241.3
Aragón,Total,2016,3,1167.2
Aragón,Huesca,2016,3,1141.2
Aragón,Teruel,2016,3,787.6
Aragón,Zaragoza,2016,3,1227.4
Principado de Asturias,Asturias,2016,3,1271.9
Illes Balears,Illes Balears,2016,3,2033.0
Canarias,Total,2016,3,1342.8
Canarias,Las Palmas,2016,3,1425.4
Canarias,Santa Cruz de Tenerife,2016,3,1259.9
Cantabria,Cantabria,2016,3,1456.3
Castilla y León,Total,2016,3,1043.0
Castilla y León,Ávila,2016,3,860.5
Castilla y León,Burgos,2016,3,1107.4
Castilla y León,León,2016,3,907.7
Castilla y León,Palencia,2016,3,996.5
Castilla y León,Salamanca,2016,3,1168.1
Castilla y León,Segovia,2016,3,978.0
Castilla y León,Soria,2016,3,1037.4
Castilla y León,Valladolid,2016,3,1139.1
Castilla y León,Zamora,2016,3,873.4
Castilla - La Mancha,Total,2016,3,868.3
Castilla - La Mancha,Albacete,2016,3,916.9
Castilla - La Mancha,Ciudad Real,2016,3,769.3
Castilla - La Mancha,Cuenca,2016,3,789.1
Castilla - La Mancha,Guadalajara,2016,3,1020.9
Castilla - La Mancha,Toledo,2016,3,799.0
Cataluña,Total,2016,3,1758.8
Cataluña,Barcelona,2016,3,2027.2
Cataluña,Girona,2016,3,1453.1
Cataluña,Lleida,2016,3,1000.3
Cataluña,Tarragona,2016,3,1220.6
Comunitat Valenciana,Total,2016,3,1152.6999999999998
Comunitat Valenciana,Alicante/Alacant,2016,3,1229.6
Comunitat Valenciana,Castellón/Castelló,2016,3,1025.9
Comunitat Valenciana,Valencia/València,2016,3,1111.2
Extremadura,Total,2016,3,853.2
Extremadura,Badajoz,2016,3,855.9
Extremadura,Cáceres,2016,3,843.9
Galicia,Total,2016,3,1176.5
Galicia,A Coruña,2016,3,1211.1
Galicia,Lugo,2016,3,846.5
Galicia,Ourense,2016,3,939.8
Galicia,Pontevedra,2016,3,1201.9
Comunidad de Madrid,Madrid,2016,3,2157.5
Región de Murcia,Murcia,2016,3,976.1
Comunidad Foral de Navarra,Navarra,2016,3,1335.4
País Vasco,Total,2016,3,2341.4
País Vasco,Araba/Álava,2016,3,1891.1
País Vasco,Gipuzkoa,2016,3,2634.3
País Vasco,Bizkaia,2016,3,2292.0
La Rioja,La Rioja,2016,3,1044.1
Ceuta,Ceuta,2016,3,1703.4
Melilla,Melilla,2016,3,1476.6
Andalucía,Total,2016,4,1212.1999999999998
Andalucía,Almería,2016,4,1104.2
Andalucía,Cádiz,2016,4,1253.8
Andalucía,Córdoba,2016,4,1137.8
Andalucía,Granada,2016,4,1088.4
Andalucía,Huelva,2016,4,1032.6
Andalucía,Jaén,2016,4,828.0
Andalucía,Málaga,2016,4,1584.9
Andalucía,Sevilla,2016,4,1202.6
Aragón,Total,2016,4,1180.0
Aragón,Huesca,2016,4,1107.0
Aragón,Teruel,2016,4,797.4
Aragón,Zaragoza,2016,4,1254.5
Principado de Asturias,Asturias,2016,4,1260.1
Illes Balears,Illes Balears,2016,4,2061.9
Canarias,Total,2016,4,1371.2
Canarias,Las Palmas,2016,4,1457.9
Canarias,Santa Cruz de Tenerife,2016,4,1284.5
Cantabria,Cantabria,2016,4,1455.5
Castilla y León,Total,2016,4,1050.7
Castilla y León,Ávila,2016,4,871.6
Castilla y León,Burgos,2016,4,1089.5
Castilla y León,León,2016,4,902.1
Castilla y León,Palencia,2016,4,1036.2
Castilla y León,Salamanca,2016,4,1208.0
Castilla y León,Segovia,2016,4,940.9
Castilla y León,Soria,2016,4,994.8
Castilla y León,Valladolid,2016,4,1172.6
Castilla y León,Zamora,2016,4,897.1
Castilla - La Mancha,Total,2016,4,876.7
Castilla - La Mancha,Albacete,2016,4,945.3
Castilla - La Mancha,Ciudad Real,2016,4,780.2
Castilla - La Mancha,Cuenca,2016,4,773.7
Castilla - La Mancha,Guadalajara,2016,4,1009.6
Castilla - La Mancha,Toledo,2016,4,812.4
Cataluña,Total,2016,4,1793.0
Cataluña,Barcelona,2016,4,2070.6
Cataluña,Girona,2016,4,1487.7
Cataluña,Lleida,2016,4,1013.6
Cataluña,Tarragona,2016,4,1221.4
Comunitat Valenciana,Total,2016,4,1143.1
Comunitat Valenciana,Alicante/Alacant,2016,4,1222.5
Comunitat Valenciana,Castellón/Castelló,2016,4,1047.9
Comunitat Valenciana,Valencia/València,2016,4,1089.1
Extremadura,Total,2016,4,861.4
Extremadura,Badajoz,2016,4,857.5
Extremadura,Cáceres,2016,4,861.8
Galicia,Total,2016,4,1181.1
Galicia,A Coruña,2016,4,1197.8
Galicia,Lugo,2016,4,829.7
Galicia,Ourense,2016,4,948.4
Galicia,Pontevedra,2016,4,1235.3
Comunidad de Madrid,Madrid,2016,4,2195.4
Región de Murcia,Murcia,2016,4,961.7
Comunidad Foral de Navarra,Navarra,2016,4,1282.1
País Vasco,Total,2016,4,2335.3
País Vasco,Araba/Álava,2016,4,1839.1
País Vasco,Gipuzkoa,2016,4,2601.6
País Vasco,Bizkaia,2016,4,2314.4
La Rioja,La Rioja,2016,4,1075.3
Ceuta,Ceuta,2016,4,1735.4
Melilla,Melilla,2016,4,1485.5
Andalucía,Total,2017,1,1225.0
Andalucía,Almería,2017,1,1107.6
Andalucía,Cádiz,2017,1,1285.6
Andalucía,Córdoba,2017,1,1131.0
Andalucía,Granada,2017,1,1049.3
Andalucía,Huelva,2017,1,1040.5
Andalucía,Jaén,2017,1,807.3
Andalucía,Málaga,2017,1,1613.5
Andalucía,Sevilla,2017,1,1244.7
Aragón,Total,2017,1,1154.9
Aragón,Huesca,2017,1,1131.3000000000002
Aragón,Teruel,2017,1,778.7
Aragón,Zaragoza,2017,1,1216.6
Principado de Asturias,Asturias,2017,1,1253.8
Illes Balears,Illes Balears,2017,1,2056.3
Canarias,Total,2017,1,1384.2
Canarias,Las Palmas,2017,1,1473.5
Canarias,Santa Cruz de Tenerife,2017,1,1295.5
Cantabria,Cantabria,2017,1,1494.7
Castilla y León,Total,2017,1,1046.2
Castilla y León,Ávila,2017,1,846.2
Castilla y León,Burgos,2017,1,1129.1
Castilla y León,León,2017,1,892.6999999999999
Castilla y León,Palencia,2017,1,1003.6
Castilla y León,Salamanca,2017,1,1193.3
Castilla y León,Segovia,2017,1,965.0
Castilla y León,Soria,2017,1,1017.5
Castilla y León,Valladolid,2017,1,1161.1
Castilla y León,Zamora,2017,1,867.1
Castilla - La Mancha,Total,2017,1,874.6
Castilla - La Mancha,Albacete,2017,1,933.0
Castilla - La Mancha,Ciudad Real,2017,1,769.2
Castilla - La Mancha,Cuenca,2017,1,795.5
Castilla - La Mancha,Guadalajara,2017,1,1039.0
Castilla - La Mancha,Toledo,2017,1,803.0
Cataluña,Total,2017,1,1825.4
Cataluña,Barcelona,2017,1,2110.6
Cataluña,Girona,2017,1,1505.3
Cataluña,Lleida,2017,1,1014.0
Cataluña,Tarragona,2017,1,1243.7
Comunitat Valenciana,Total,2017,1,1149.5
Comunitat Valenciana,Alicante/Alacant,2017,1,1239.6
Comunitat Valenciana,Castellón/Castelló,2017,1,1028.5
Comunitat Valenciana,Valencia/València,2017,1,1092.9
Extremadura,Total,2017,1,861.3
Extremadura,Badajoz,2017,1,876.2
Extremadura,Cáceres,2017,1,835.8
Galicia,Total,2017,1,1170.8
Galicia,A Coruña,2017,1,1204.4
Galicia,Lugo,2017,1,826.0
Galicia,Ourense,2017,1,911.5
Galicia,Pontevedra,2017,1,1218.1
Comunidad de Madrid,Madrid,2017,1,2226.8
Región de Murcia,Murcia,2017,1,966.8
Comunidad Foral de Navarra,Navarra,2017,1,1326.1
País Vasco,Total,2017,1,2380.7
País Vasco,Araba/Álava,2017,1,1909.2
País Vasco,Gipuzkoa,2017,1,2649.9
País Vasco,Bizkaia,2017,1,2351.6
La Rioja,La Rioja,2017,1,1058.5
Ceuta,Ceuta,2017,1,1749.0
Melilla,Melilla,2017,1,1539.2
Andalucía,Total,2017,2,1229.4
Andalucía,Almería,2017,2,1091.6
Andalucía,Cádiz,2017,2,1279.4
Andalucía,Córdoba,2017,2,1138.3
Andalucía,Granada,2017,2,1082.6
Andalucía,Huelva,2017,2,1057.2
Andalucía,Jaén,2017,2,804.2
Andalucía,Málaga,2017,2,1608.8
Andalucía,Sevilla,2017,2,1251.6
Aragón,Total,2017,2,1142.7
Aragón,Huesca,2017,2,1122.1
Aragón,Teruel,2017,2,771.9
Aragón,Zaragoza,2017,2,1203.4
Principado de Asturias,Asturias,2017,2,1245.7
Illes Balears,Illes Balears,2017,2,2101.3
Canarias,Total,2017,2,1400.7
Canarias,Las Palmas,2017,2,1477.7
Canarias,Santa Cruz de Tenerife,2017,2,1323.1
Cantabria,Cantabria,2017,2,1471.6
Castilla y León,Total,2017,2,1038.3
Castilla y León,Ávila,2017,2,838.4
Castilla y León,Burgos,2017,2,1114.8
Castilla y León,León,2017,2,884.6
Castilla y León,Palencia,2017,2,1013.9
Castilla y León,Salamanca,2017,2,1172.9
Castilla y León,Segovia,2017,2,980.9
Castilla y León,Soria,2017,2,1006.4
Castilla y León,Valladolid,2017,2,1155.5
Castilla y León,Zamora,2017,2,858.4
Castilla - La Mancha,Total,2017,2,869.6
Castilla - La Mancha,Albacete,2017,2,921.8
Castilla - La Mancha,Ciudad Real,2017,2,763.1
Castilla - La Mancha,Cuenca,2017,2,797.1999999999999
Castilla - La Mancha,Guadalajara,2017,2,1042.1
Castilla - La Mancha,Toledo,2017,2,796.9
Cataluña,Total,2017,2,1830.1
Cataluña,Barcelona,2017,2,2123.7
Cataluña,Girona,2017,2,1489.1
Cataluña,Lleida,2017,2,1000.7
Cataluña,Tarragona,2017,2,1236.2
Comunitat Valenciana,Total,2017,2,1141.2
Comunitat Valenciana,Alicante/Alacant,2017,2,1229.2
Comunitat Valenciana,Castellón/Castelló,2017,2,1058.1
Comunitat Valenciana,Valencia/València,2017,2,1075.5
Extremadura,Total,2017,2,860.6
Extremadura,Badajoz,2017,2,858.8
Extremadura,Cáceres,2017,2,861.1
Galicia,Total,2017,2,1177.8
Galicia,A Coruña,2017,2,1213.3
Galicia,Lugo,2017,2,844.3
Galicia,Ourense,2017,2,940.7
Galicia,Pontevedra,2017,2,1209.0
Comunidad de Madrid,Madrid,2017,2,2255.7
Región de Murcia,Murcia,2017,2,964.8
Comunidad Foral de Navarra,Navarra,2017,2,1306.8
País Vasco,Total,2017,2,2378.0
País Vasco,Araba/Álava,2017,2,1884.7
País Vasco,Gipuzkoa,2017,2,2679.8
País Vasco,Bizkaia,2017,2,2336.1
La Rioja,La Rioja,2017,2,1078.5
Ceuta,Ceuta,2017,2,1811.7
Melilla,Melilla,2017,2,1557.2
Andalucía,Total,2017,3,1219.0
Andalucía,Almería,2017,3,1073.0
Andalucía,Cádiz,2017,3,1260.9
Andalucía,Córdoba,2017,3,1117.4
Andalucía,Granada,2017,3,1052.6
Andalucía,Huelva,2017,3,1043.6
Andalucía,Jaén,2017,3,815.4
Andalucía,Málaga,2017,3,1612.6
Andalucía,Sevilla,2017,3,1241.6
Aragón,Total,2017,3,1160.9
Aragón,Huesca,2017,3,1115.6
Aragón,Teruel,2017,3,793.4
Aragón,Zaragoza,2017,3,1228.4
Principado de Asturias,Asturias,2017,3,1282.7
Illes Balears,Illes Balears,2017,3,2145.3
Canarias,Total,2017,3,1417.6
Canarias,Las Palmas,2017,3,1517.5
Canarias,Santa Cruz de Tenerife,2017,3,1319.5
Cantabria,Cantabria,2017,3,1475.3
Castilla y León,Total,2017,3,1036.1999999999998
Castilla y León,Ávila,2017,3,813.9
Castilla y León,Burgos,2017,3,1113.0
Castilla y León,León,2017,3,864.8
Castilla y León,Palencia,2017,3,981.7
Castilla y León,Salamanca,2017,3,1209.6
Castilla y León,Segovia,2017,3,963.5
Castilla y León,Soria,2017,3,995.3
Castilla y León,Valladolid,2017,3,1167.0
Castilla y León,Zamora,2017,3,879.0
Castilla - La Mancha,Total,2017,3,869.2
Castilla - La Mancha,Albacete,2017,3,905.9
Castilla - La Mancha,Ciudad Real,2017,3,764.4000000000001
Castilla - La Mancha,Cuenca,2017,3,794.9
Castilla - La Mancha,Guadalajara,2017,3,1054.2
Castilla - La Mancha,Toledo,2017,3,798.1
Cataluña,Total,2017,3,1868.0
Cataluña,Barcelona,2017,3,2173.9
Cataluña,Girona,2017,3,1500.3
Cataluña,Lleida,2017,3,1022.1
Cataluña,Tarragona,2017,3,1248.5
Comunitat Valenciana,Total,2017,3,1135.9
Comunitat Valenciana,Alicante/Alacant,2017,3,1220.1
Comunitat Valenciana,Castellón/Castelló,2017,3,1037.6
Comunitat Valenciana,Valencia/València,2017,3,1078.5
Extremadura,Total,2017,3,850.3
Extremadura,Badajoz,2017,3,842.2
Extremadura,Cáceres,2017,3,859.5
Galicia,Total,2017,3,1191.2
Galicia,A Coruña,2017,3,1220.7
Galicia,Lugo,2017,3,847.8
Galicia,Ourense,2017,3,946.5
Galicia,Pontevedra,2017,3,1239.3
Comunidad de Madrid,Madrid,2017,3,2296.8
Región de Murcia,Murcia,2017,3,959.9
Comunidad Foral de Navarra,Navarra,2017,3,1318.5
País Vasco,Total,2017,3,2349.8
País Vasco,Araba/Álava,2017,3,1890.0
País Vasco,Gipuzkoa,2017,3,2636.2
País Vasco,Bizkaia,2017,3,2308.8
La Rioja,La Rioja,2017,3,1050.5
Ceuta,Ceuta,2017,3,1751.4
Melilla,Melilla,2017,3,1551.5
Andalucía,Total,2017,4,1242.0
Andalucía,Almería,2017,4,1086.3
Andalucía,Cádiz,2017,4,1288.6
Andalucía,Córdoba,2017,4,1127.2
Andalucía,Granada,2017,4,1082.4
Andalucía,Huelva,2017,4,1079.3
Andalucía,Jaén,2017,4,810.4
Andalucía,Málaga,2017,4,1647.2
Andalucía,Sevilla,2017,4,1257.9
Aragón,Total,2017,4,1181.0
Aragón,Huesca,2017,4,1139.6
Aragón,Teruel,2017,4,797.5
Aragón,Zaragoza,2017,4,1251.3
Principado de Asturias,Asturias,2017,4,1291.6
Illes Balears,Illes Balears,2017,4,2198.9
Canarias,Total,2017,4,1426.0
Canarias,Las Palmas,2017,4,1524.6
Canarias,Santa Cruz de Tenerife,2017,4,1328.7
Cantabria,Cantabria,2017,4,1466.5
Castilla y León,Total,2017,4,1040.5
Castilla y León,Ávila,2017,4,833.5
Castilla y León,Burgos,2017,4,1122.3
Castilla y León,León,2017,4,866.2
Castilla y León,Palencia,2017,4,990.3
Castilla y León,Salamanca,2017,4,1181.4
Castilla y León,Segovia,2017,4,967.3
Castilla y León,Soria,2017,4,1014.0
Castilla y León,Valladolid,2017,4,1196.7
Castilla y León,Zamora,2017,4,858.8
Castilla - La Mancha,Total,2017,4,869.8
Castilla - La Mancha,Albacete,2017,4,928.3
Castilla - La Mancha,Ciudad Real,2017,4,759.4
Castilla - La Mancha,Cuenca,2017,4,782.4
Castilla - La Mancha,Guadalajara,2017,4,1060.2
Castilla - La Mancha,Toledo,2017,4,795.2
Cataluña,Total,2017,4,1889.1
Cataluña,Barcelona,2017,4,2202.6
Cataluña,Girona,2017,4,1519.8
Cataluña,Lleida,2017,4,1038.5
Cataluña,Tarragona,2017,4,1235.8
Comunitat Valenciana,Total,2017,4,1149.1
Comunitat Valenciana,Alicante/Alacant,2017,4,1242.1
Comunitat Valenciana,Castellón/Castelló,2017,4,1039.9
Comunitat Valenciana,Valencia/València,2017,4,1086.4
Extremadura,Total,2017,4,861.8000000000001
Extremadura,Badajoz,2017,4,853.1
Extremadura,Cáceres,2017,4,872.4000000000001
Galicia,Total,2017,4,1177.5
Galicia,A Coruña,2017,4,1205.5
Galicia,Lugo,2017,4,852.0
Galicia,Ourense,2017,4,931.9
Galicia,Pontevedra,2017,4,1224.4
Comunidad de Madrid,Madrid,2017,4,2347.2
Región de Murcia,Murcia,2017,4,982.8
Comunidad Foral de Navarra,Navarra,2017,4,1338.7
País Vasco,Total,2017,4,2372.8
País Vasco,Araba/Álava,2017,4,1925.5
País Vasco,Gipuzkoa,2017,4,2661.4
País Vasco,Bizkaia,2017,4,2326.2
La Rioja,La Rioja,2017,4,1055.3
Ceuta,Ceuta,2017,4,1745.0
Melilla,Melilla,2017,4,1501.4
Andalucía,Total,2018,1,1242.8
Andalucía,Almería,2018,1,1094.0
Andalucía,Cádiz,2018,1,1288.2
Andalucía,Córdoba,2018,1,1139.4
Andalucía,Granada,2018,1,1092.6
Andalucía,Huelva,2018,1,1048.8
Andalucía,Jaén,2018,1,796.2
Andalucía,Málaga,2018,1,1679.3
Andalucía,Sevilla,2018,1,1228.7
Aragón,Total,2018,1,1164.1
Aragón,Huesca,2018,1,1122.7
Aragón,Teruel,2018,1,802.1
Aragón,Zaragoza,2018,1,1230.6
Principado de Asturias,Asturias,2018,1,1256.9
Illes Balears,Illes Balears,2018,1,2202.4
Canarias,Total,2018,1,1438.2
Canarias,Las Palmas,2018,1,1542.1
Canarias,Santa Cruz de Tenerife,2018,1,1336.6
Cantabria,Cantabria,2018,1,1426.1
Castilla y León,Total,2018,1,1039.5
Castilla y León,Ávila,2018,1,836.2
Castilla y León,Burgos,2018,1,1106.4
Castilla y León,León,2018,1,887.5
Castilla y León,Palencia,2018,1,991.5
Castilla y León,Salamanca,2018,1,1178.0
Castilla y León,Segovia,2018,1,991.5
Castilla y León,Soria,2018,1,1016.5
Castilla y León,Valladolid,2018,1,1172.4
Castilla y León,Zamora,2018,1,854.0
Castilla - La Mancha,Total,2018,1,865.0
Castilla - La Mancha,Albacete,2018,1,900.6
Castilla - La Mancha,Ciudad Real,2018,1,755.0
Castilla - La Mancha,Cuenca,2018,1,762.9
Castilla - La Mancha,Guadalajara,2018,1,1076.6
Castilla - La Mancha,Toledo,2018,1,799.1
Cataluña,Total,2018,1,1903.2
Cataluña,Barcelona,2018,1,2222.1
Cataluña,Girona,2018,1,1513.8
Cataluña,Lleida,2018,1,1026.9
Cataluña,Tarragona,2018,1,1255.5
Comunitat Valenciana,Total,2018,1,1168.0
Comunitat Valenciana,Alicante/Alacant,2018,1,1264.2
Comunitat Valenciana,Castellón/Castelló,2018,1,1032.1
Comunitat Valenciana,Valencia/València,2018,1,1110.9
Extremadura,Total,2018,1,857.2
Extremadura,Badajoz,2018,1,864.7
Extremadura,Cáceres,2018,1,845.7
Galicia,Total,2018,1,1180.8000000000002
Galicia,A Coruña,2018,1,1210.7
Galicia,Lugo,2018,1,864.4
Galicia,Ourense,2018,1,947.7
Galicia,Pontevedra,2018,1,1217.5
Comunidad de Madrid,Madrid,2018,1,2406.9
Región de Murcia,Murcia,2018,1,983.5
Comunidad Foral de Navarra,Navarra,2018,1,1311.1
País Vasco,Total,2018,1,2347.3
País Vasco,Araba/Álava,2018,1,1889.2
País Vasco,Gipuzkoa,2018,1,2604.1
País Vasco,Bizkaia,2018,1,2323.6
La Rioja,La Rioja,2018,1,1054.9
Ceuta,Ceuta,2018,1,1784.2
Melilla,Melilla,2018,1,1539.1
Andalucía,Total,2018,2,1259.2
Andalucía,Almería,2018,2,1093.9
Andalucía,Cádiz,2018,2,1288.1
Andalucía,Córdoba,2018,2,1154.3
Andalucía,Granada,2018,2,1093.1
Andalucía,Huelva,2018,2,1066.9
Andalucía,Jaén,2018,2,811.6
Andalucía,Málaga,2018,2,1713.0
Andalucía,Sevilla,2018,2,1254.5
Aragón,Total,2018,2,1179.1
Aragón,Huesca,2018,2,1100.5
Aragón,Teruel,2018,2,810.9
Aragón,Zaragoza,2018,2,1258.0
Principado de Asturias,Asturias,2018,2,1270.5
Illes Balears,Illes Balears,2018,2,2207.2
Canarias,Total,2018,2,1455.6
Canarias,Las Palmas,2018,2,1556.6
Canarias,Santa Cruz de Tenerife,2018,2,1356.8
Cantabria,Cantabria,2018,2,1448.8
Castilla y León,Total,2018,2,1030.8
Castilla y León,Ávila,2018,2,826.2
Castilla y León,Burgos,2018,2,1115.7
Castilla y León,León,2018,2,872.5
Castilla y León,Palencia,2018,2,959.1
Castilla y León,Salamanca,2018,2,1141.9
Castilla y León,Segovia,2018,2,966.1
Castilla y León,Soria,2018,2,987.1
Castilla y León,Valladolid,2018,2,1204.7
Castilla y León,Zamora,2018,2,846.8
Castilla - La Mancha,Total,2018,2,860.5
Castilla - La Mancha,Albacete,2018,2,892.8
Castilla - La Mancha,Ciudad Real,2018,2,744.6999999999999
Castilla - La Mancha,Cuenca,2018,2,785.7
Castilla - La Mancha,Guadalajara,2018,2,1061.4
Castilla - La Mancha,Toledo,2018,2,797.1
Cataluña,Total,2018,2,1945.3
Cataluña,Barcelona,2018,2,2292.8
Cataluña,Girona,2018,2,1488.3
Cataluña,Lleida,2018,2,1052.7
Cataluña,Tarragona,2018,2,1243.9
Comunitat Valenciana,Total,2018,2,1172.4
Comunitat Valenciana,Alicante/Alacant,2018,2,1259.8
Comunitat Valenciana,Castellón/Castelló,2018,2,1031.7
Comunitat Valenciana,Valencia/València,2018,2,1125.4
Extremadura,Total,2018,2,854.1
Extremadura,Badajoz,2018,2,856.5
Extremadura,Cáceres,2018,2,850.9
Galicia,Total,2018,2,1189.8
Galicia,A Coruña,2018,2,1212.9
Galicia,Lugo,2018,2,869.0
Galicia,Ourense,2018,2,945.8
Galicia,Pontevedra,2018,2,1242.7
Comunidad de Madrid,Madrid,2018,2,2476.4
Región de Murcia,Murcia,2018,2,978.8
Comunidad Foral de Navarra,Navarra,2018,2,1352.7
País Vasco,Total,2018,2,2370.3
País Vasco,Araba/Álava,2018,2,1899.8
País Vasco,Gipuzkoa,2018,2,2685.2
País Vasco,Bizkaia,2018,2,2315.9
La Rioja,La Rioja,2018,2,1087.9
Ceuta,Ceuta,2018,2,1719.3
Melilla,Melilla,2018,2,1596.8
Andalucía,Total,2018,3,1265.1
Andalucía,Almería,2018,3,1074.3
Andalucía,Cádiz,2018,3,1304.0
Andalucía,Córdoba,2018,3,1127.5
Andalucía,Granada,2018,3,1098.7
Andalucía,Huelva,2018,3,1060.5
Andalucía,Jaén,2018,3,801.5
Andalucía,Málaga,2018,3,1732.0
Andalucía,Sevilla,2018,3,1272.1
Aragón,Total,2018,3,1172.0
Aragón,Huesca,2018,3,1131.1
Aragón,Teruel,2018,3,783.4000000000001
Aragón,Zaragoza,2018,3,1245.0
Principado de Asturias,Asturias,2018,3,1271.1
Illes Balears,Illes Balears,2018,3,2256.6
Canarias,Total,2018,3,1483.7
Canarias,Las Palmas,2018,3,1572.2
Canarias,Santa Cruz de Tenerife,2018,3,1396.5
Cantabria,Cantabria,2018,3,1436.5
Castilla y León,Total,2018,3,1032.1
Castilla y León,Ávila,2018,3,841.0
Castilla y León,Burgos,2018,3,1114.4
Castilla y León,León,2018,3,857.6
Castilla y León,Palencia,2018,3,986.0
Castilla y León,Salamanca,2018,3,1171.5
Castilla y León,Segovia,2018,3,951.4
Castilla y León,Soria,2018,3,996.3
Castilla y León,Valladolid,2018,3,1191.9
Castilla y León,Zamora,2018,3,853.5
Castilla - La Mancha,Total,2018,3,871.3000000000001
Castilla - La Mancha,Albacete,2018,3,912.7
Castilla - La Mancha,Ciudad Real,2018,3,760.8
Castilla - La Mancha,Cuenca,2018,3,760.6
Castilla - La Mancha,Guadalajara,2018,3,1081.1
Castilla - La Mancha,Toledo,2018,3,808.3
Cataluña,Total,2018,3,1957.9
Cataluña,Barcelona,2018,3,2315.4
Cataluña,Girona,2018,3,1478.7
Cataluña,Lleida,2018,3,1016.8
Cataluña,Tarragona,2018,3,1248.2
Comunitat Valenciana,Total,2018,3,1159.2
Comunitat Valenciana,Alicante/Alacant,2018,3,1244.5
Comunitat Valenciana,Castellón/Castelló,2018,3,1042.0
Comunitat Valenciana,Valencia/València,2018,3,1107.7
Extremadura,Total,2018,3,851.7
Extremadura,Badajoz,2018,3,865.8
Extremadura,Cáceres,2018,3,833.0
Galicia,Total,2018,3,1169.5
Galicia,A Coruña,2018,3,1186.3
Galicia,Lugo,2018,3,885.2
Galicia,Ourense,2018,3,912.5
Galicia,Pontevedra,2018,3,1225.1
Comunidad de Madrid,Madrid,2018,3,2490.2
Región de Murcia,Murcia,2018,3,955.4
Comunidad Foral de Navarra,Navarra,2018,3,1361.4
País Vasco,Total,2018,3,2326.5
País Vasco,Araba/Álava,2018,3,1885.1
País Vasco,Gipuzkoa,2018,3,2606.2
País Vasco,Bizkaia,2018,3,2285.4
La Rioja,La Rioja,2018,3,1113.5
Ceuta,Ceuta,2018,3,1699.0
Melilla,Melilla,2018,3,1579.9
Andalucía,Total,2018,4,1295.9
Andalucía,Almería,2018,4,1089.4
Andalucía,Cádiz,2018,4,1337.4
Andalucía,Córdoba,2018,4,1139.5
Andalucía,Granada,2018,4,1122.8
Andalucía,Huelva,2018,4,1093.0
Andalucía,Jaén,2018,4,819.1
Andalucía,Málaga,2018,4,1783.7
Andalucía,Sevilla,2018,4,1299.7
Aragón,Total,2018,4,1208.8
Aragón,Huesca,2018,4,1164.2
Aragón,Teruel,2018,4,776.1
Aragón,Zaragoza,2018,4,1292.2
Principado de Asturias,Asturias,2018,4,1271.7
Illes Balears,Illes Balears,2018,4,2266.2
Canarias,Total,2018,4,1482.3
Canarias,Las Palmas,2018,4,1573.1
Canarias,Santa Cruz de Tenerife,2018,4,1393.4
Cantabria,Cantabria,2018,4,1479.4
Castilla y León,Total,2018,4,1041.0
Castilla y León,Ávila,2018,4,819.3
Castilla y León,Burgos,2018,4,1109.8
Castilla y León,León,2018,4,872.5
Castilla y León,Palencia,2018,4,1012.9
Castilla y León,Salamanca,2018,4,1168.1
Castilla y León,Segovia,2018,4,980.2
Castilla y León,Soria,2018,4,1015.4
Castilla y León,Valladolid,2018,4,1230.5
Castilla y León,Zamora,2018,4,842.7
Castilla - La Mancha,Total,2018,4,886.1999999999999
Castilla - La Mancha,Albacete,2018,4,938.9
Castilla - La Mancha,Ciudad Real,2018,4,746.3
Castilla - La Mancha,Cuenca,2018,4,787.5
Castilla - La Mancha,Guadalajara,2018,4,1090.6
Castilla - La Mancha,Toledo,2018,4,835.8
Cataluña,Total,2018,4,1998.4
Cataluña,Barcelona,2018,4,2356.4
Cataluña,Girona,2018,4,1529.4
Cataluña,Lleida,2018,4,1051.3
Cataluña,Tarragona,2018,4,1275.2
Comunitat Valenciana,Total,2018,4,1192.4
Comunitat Valenciana,Alicante/Alacant,2018,4,1280.1
Comunitat Valenciana,Castellón/Castelló,2018,4,1060.3
Comunitat Valenciana,Valencia/València,2018,4,1144.0
Extremadura,Total,2018,4,865.8
Extremadura,Badajoz,2018,4,868.6
Extremadura,Cáceres,2018,4,862.4
Galicia,Total,2018,4,1185.6
Galicia,A Coruña,2018,4,1216.4
Galicia,Lugo,2018,4,853.7
Galicia,Ourense,2018,4,923.5
Galicia,Pontevedra,2018,4,1249.3
Comunidad de Madrid,Madrid,2018,4,2541.4
Región de Murcia,Murcia,2018,4,968.3
Comunidad Foral de Navarra,Navarra,2018,4,1368.8
País Vasco,Total,2018,4,2366.2
País Vasco,Araba/Álava,2018,4,1929.0
País Vasco,Gipuzkoa,2018,4,2677.9
País Vasco,Bizkaia,2018,4,2304.9
La Rioja,La Rioja,2018,4,1108.2
Ceuta,Ceuta,2018,4,1676.8
Melilla,Melilla,2018,4,1629.4
Andalucía,Total,2019,1,1299.9
Andalucía,Almería,2019,1,1113.0
Andalucía,Cádiz,2019,1,1350.8
Andalucía,Córdoba,2019,1,1147.6
Andalucía,Granada,2019,1,1116.2
Andalucía,Huelva,2019,1,1082.2
Andalucía,Jaén,2019,1,807.1
Andalucía,Málaga,2019,1,1765.8
Andalucía,Sevilla,2019,1,1329.1
Aragón,Total,2019,1,1197.3
Aragón,Huesca,2019,1,1136.3
Aragón,Teruel,2019,1,771.5
Aragón,Zaragoza,2019,1,1285.9
Principado de Asturias,Asturias,2019,1,1269.0
Illes Balears,Illes Balears,2019,1,2314.6
Canarias,Total,2019,1,1510.3
Canarias,Las Palmas,2019,1,1605.9
Canarias,Santa Cruz de Tenerife,2019,1,1417.1
Cantabria,Cantabria,2019,1,1454.7
Castilla y León,Total,2019,1,1045.3
Castilla y León,Ávila,2019,1,838.3
Castilla y León,Burgos,2019,1,1139.1
Castilla y León,León,2019,1,881.7
Castilla y León,Palencia,2019,1,996.4
Castilla y León,Salamanca,2019,1,1168.0
Castilla y León,Segovia,2019,1,955.1
Castilla y León,Soria,2019,1,976.4
Castilla y León,Valladolid,2019,1,1231.8
Castilla y León,Zamora,2019,1,860.7
Castilla - La Mancha,Total,2019,1,881.4
Castilla - La Mancha,Albacete,2019,1,918.2
Castilla - La Mancha,Ciudad Real,2019,1,747.3
Castilla - La Mancha,Cuenca,2019,1,772.0
Castilla - La Mancha,Guadalajara,2019,1,1108.4
Castilla - La Mancha,Toledo,2019,1,829.7
Cataluña,Total,2019,1,2014.7
Cataluña,Barcelona,2019,1,2386.5
Cataluña,Girona,2019,1,1527.4
Cataluña,Lleida,2019,1,1017.6
Cataluña,Tarragona,2019,1,1270.7
Comunitat Valenciana,Total,2019,1,1217.3
Comunitat Valenciana,Alicante/Alacant,2019,1,1301.5
Comunitat Valenciana,Castellón/Castelló,2019,1,1087.8
Comunitat Valenciana,Valencia/València,2019,1,1171.6
Extremadura,Total,2019,1,843.8
Extremadura,Badajoz,2019,1,851.4
Extremadura,Cáceres,2019,1,833.9
Galicia,Total,2019,1,1182.1
Galicia,A Coruña,2019,1,1214.6
Galicia,Lugo,2019,1,825.2
Galicia,Ourense,2019,1,952.4
Galicia,Pontevedra,2019,1,1245.5
Comunidad de Madrid,Madrid,2019,1,2606.8
Región de Murcia,Murcia,2019,1,994.4
Comunidad Foral de Navarra,Navarra,2019,1,1403.0
País Vasco,Total,2019,1,2397.1
País Vasco,Araba/Álava,2019,1,1980.7
País Vasco,Gipuzkoa,2019,1,2665.3
País Vasco,Bizkaia,2019,1,2361.4
La Rioja,La Rioja,2019,1,1105.4
Ceuta,Ceuta,2019,1,1706.8
Melilla,Melilla,2019,1,1670.5
Andalucía,Total,2019,2,1300.4
Andalucía,Almería,2019,2,1125.4
Andalucía,Cádiz,2019,2,1341.6
Andalucía,Córdoba,2019,2,1162.9
Andalucía,Granada,2019,2,1123.7
Andalucía,Huelva,2019,2,1071.3
Andalucía,Jaén,2019,2,781.9
Andalucía,Málaga,2019,2,1812.8
Andalucía,Sevilla,2019,2,1286.4
Aragón,Total,2019,2,1214.8
Aragón,Huesca,2019,2,1154.8
Aragón,Teruel,2019,2,744.2
Aragón,Zaragoza,2019,2,1313.4
Principado de Asturias,Asturias,2019,2,1299.7
Illes Balears,Illes Balears,2019,2,2317.5
Canarias,Total,2019,2,1514.2
Canarias,Las Palmas,2019,2,1591.1
Canarias,Santa Cruz de Tenerife,2019,2,1438.6
Cantabria,Cantabria,2019,2,1468.6
Castilla y León,Total,2019,2,1028.9
Castilla y León,Ávila,2019,2,807.3
Castilla y León,Burgos,2019,2,1114.4
Castilla y León,León,2019,2,847.6
Castilla y León,Palencia,2019,2,980.7
Castilla y León,Salamanca,2019,2,1175.3
Castilla y León,Segovia,2019,2,953.5
Castilla y León,Soria,2019,2,976.9
Castilla y León,Valladolid,2019,2,1234.4
Castilla y León,Zamora,2019,2,828.0
Castilla - La Mancha,Total,2019,2,872.9
Castilla - La Mancha,Albacete,2019,2,938.5
Castilla - La Mancha,Ciudad Real,2019,2,721.4
Castilla - La Mancha,Cuenca,2019,2,757.1
Castilla - La Mancha,Guadalajara,2019,2,1096.5
Castilla - La Mancha,Toledo,2019,2,824.3
Cataluña,Total,2019,2,2027.9
Cataluña,Barcelona,2019,2,2407.8
Cataluña,Girona,2019,2,1519.0
Cataluña,Lleida,2019,2,995.1
Cataluña,Tarragona,2019,2,1282.6
Comunitat Valenciana,Total,2019,2,1218.7
Comunitat Valenciana,Alicante/Alacant,2019,2,1305.6
Comunitat Valenciana,Castellón/Castelló,2019,2,1070.7
Comunitat Valenciana,Valencia/València,2019,2,1176.7
Extremadura,Total,2019,2,858.7
Extremadura,Badajoz,2019,2,860.2
Extremadura,Cáceres,2019,2,857.1
Galicia,Total,2019,2,1195.2
Galicia,A Coruña,2019,2,1233.3
Galicia,Lugo,2019,2,843.6
Galicia,Ourense,2019,2,950.5
Galicia,Pontevedra,2019,2,1255.0
Comunidad de Madrid,Madrid,2019,2,2601.9
Región de Murcia,Murcia,2019,2,988.8
Comunidad Foral de Navarra,Navarra,2019,2,1396.4
País Vasco,Total,2019,2,2370.2
País Vasco,Araba/Álava,2019,2,1954.5
País Vasco,Gipuzkoa,2019,2,2659.6
País Vasco,Bizkaia,2019,2,2319.5
La Rioja,La Rioja,2019,2,1063.3
Ceuta,Ceuta,2019,2,1704.3
Melilla,Melilla,2019,2,1627.6
Andalucía,Total,2019,3,1304.5
Andalucía,Almería,2019,3,1113.1
Andalucía,Cádiz,2019,3,1356.3
Andalucía,Córdoba,2019,3,1118.7
Andalucía,Granada,2019,3,1112.7
Andalucía,Huelva,2019,3,1096.3
Andalucía,Jaén,2019,3,796.8
Andalucía,Málaga,2019,3,1821.8
Andalucía,Sevilla,2019,3,1300.8
Aragón,Total,2019,3,1220.6999999999998
Aragón,Huesca,2019,3,1169.6
Aragón,Teruel,2019,3,760.4000000000001
Aragón,Zaragoza,2019,3,1314.8
Principado de Asturias,Asturias,2019,3,1264.3
Illes Balears,Illes Balears,2019,3,2363.9
Canarias,Total,2019,3,1514.2
Canarias,Las Palmas,2019,3,1598.4
Canarias,Santa Cruz de Tenerife,2019,3,1432.3
Cantabria,Cantabria,2019,3,1489.0
Castilla y León,Total,2019,3,1032.6
Castilla y León,Ávila,2019,3,807.9
Castilla y León,Burgos,2019,3,1134.3
Castilla y León,León,2019,3,862.8
Castilla y León,Palencia,2019,3,943.4
Castilla y León,Salamanca,2019,3,1172.8
Castilla y León,Segovia,2019,3,983.6
Castilla y León,Soria,2019,3,956.7
Castilla y León,Valladolid,2019,3,1234.4
Castilla y León,Zamora,2019,3,822.2
Castilla - La Mancha,Total,2019,3,879.6
Castilla - La Mancha,Albacete,2019,3,919.6
Castilla - La Mancha,Ciudad Real,2019,3,728.0
Castilla - La Mancha,Cuenca,2019,3,778.2
Castilla - La Mancha,Guadalajara,2019,3,1112.9
Castilla - La Mancha,Toledo,2019,3,835.8
Cataluña,Total,2019,3,2025.1
Cataluña,Barcelona,2019,3,2403.8
Cataluña,Girona,2019,3,1516.9
Cataluña,Lleida,2019,3,1018.5
Cataluña,Tarragona,2019,3,1273.1
Comunitat Valenciana,Total,2019,3,1208.4
Comunitat Valenciana,Alicante/Alacant,2019,3,1296.6
Comunitat Valenciana,Castellón/Castelló,2019,3,1058.3
Comunitat Valenciana,Valencia/València,2019,3,1166.6
Extremadura,Total,2019,3,863.4
Extremadura,Badajoz,2019,3,868.1
Extremadura,Cáceres,2019,3,857.3
Galicia,Total,2019,3,1191.6
Galicia,A Coruña,2019,3,1221.0
Galicia,Lugo,2019,3,866.5
Galicia,Ourense,2019,3,929.9
Galicia,Pontevedra,2019,3,1258.1
Comunidad de Madrid,Madrid,2019,3,2603.7
Región de Murcia,Murcia,2019,3,981.3
Comunidad Foral de Navarra,Navarra,2019,3,1423.5
País Vasco,Total,2019,3,2394.1
País Vasco,Araba/Álava,2019,3,1902.2
País Vasco,Gipuzkoa,2019,3,2712.6
País Vasco,Bizkaia,2019,3,2345.3
La Rioja,La Rioja,2019,3,1049.9
Ceuta,Ceuta,2019,3,1768.0
Melilla,Melilla,2019,3,1592.7
Andalucía,Total,2019,4,1310.8
Andalucía,Almería,2019,4,1126.4
Andalucía,Cádiz,2019,4,1342.1
Andalucía,Córdoba,2019,4,1136.6
Andalucía,Granada,2019,4,1110.2
Andalucía,Huelva,2019,4,1102.2
Andalucía,Jaén,2019,4,797.5
Andalucía,Málaga,2019,4,1831.5
Andalucía,Sevilla,2019,4,1316.2
Aragón,Total,2019,4,1215.5
Aragón,Huesca,2019,4,1165.5
Aragón,Teruel,2019,4,778.2
Aragón,Zaragoza,2019,4,1304.2
Principado de Asturias,Asturias,2019,4,1264.7
Illes Balears,Illes Balears,2019,4,2417.9
Canarias,Total,2019,4,1528.4
Canarias,Las Palmas,2019,4,1633.5
Canarias,Santa Cruz de Tenerife,2019,4,1427.3
Cantabria,Cantabria,2019,4,1444.7
Castilla y León,Total,2019,4,1034.2
Castilla y León,Ávila,2019,4,799.4
Castilla y León,Burgos,2019,4,1111.6
Castilla y León,León,2019,4,871.1
Castilla y León,Palencia,2019,4,933.0
Castilla y León,Salamanca,2019,4,1197.3
Castilla y León,Segovia,2019,4,980.6
Castilla y León,Soria,2019,4,925.2
Castilla y León,Valladolid,2019,4,1249.9
Castilla y León,Zamora,2019,4,832.0
Castilla - La Mancha,Total,2019,4,883.0
Castilla - La Mancha,Albacete,2019,4,913.0
Castilla - La Mancha,Ciudad Real,2019,4,728.4
Castilla - La Mancha,Cuenca,2019,4,776.3
Castilla - La Mancha,Guadalajara,2019,4,1120.6
Castilla - La Mancha,Toledo,2019,4,846.6
Cataluña,Total,2019,4,2032.5
Cataluña,Barcelona,2019,4,2407.9
Cataluña,Girona,2019,4,1545.1
Cataluña,Lleida,2019,4,1023.0
Cataluña,Tarragona,2019,4,1274.2
Comunitat Valenciana,Total,2019,4,1223.1
Comunitat Valenciana,Alicante/Alacant,2019,4,1304.2
Comunitat Valenciana,Castellón/Castelló,2019,4,1066.0
Comunitat Valenciana,Valencia/València,2019,4,1190.6
Extremadura,Total,2019,4,855.4
Extremadura,Badajoz,2019,4,869.1
Extremadura,Cáceres,2019,4,837.1
Galicia,Total,2019,4,1198.0
Galicia,A Coruña,2019,4,1238.0
Galicia,Lugo,2019,4,838.7
Galicia,Ourense,2019,4,949.7
Galicia,Pontevedra,2019,4,1263.2
Comunidad de Madrid,Madrid,2019,4,2664.2
Región de Murcia,Murcia,2019,4,966.2
Comunidad Foral de Navarra,Navarra,2019,4,1454.0
País Vasco,Total,2019,4,2415.4
País Vasco,Araba/Álava,2019,4,1951.3
País Vasco,Gipuzkoa,2019,4,2686.8
País Vasco,Bizkaia,2019,4,2385.9
La Rioja,La Rioja,2019,4,1083.5
Ceuta,Ceuta,2019,4,1706.7
Melilla,Melilla,2019,4,1649.4
Andalucía,Total,2020,1,1307.7
Andalucía,Almería,2020,1,1102.5
Andalucía,Cádiz,2020,1,1359.4
Andalucía,Córdoba,2020,1,1124.2
Andalucía,Granada,2020,1,1103.9
Andalucía,Huelva,2020,1,1079.4
Andalucía,Jaén,2020,1,790.6
Andalucía,Málaga,2020,1,1805.9
Andalucía,Sevilla,2020,1,1343.8
Aragón,Total,2020,1,1205.2
Aragón,Huesca,2020,1,1138.8
Aragón,Teruel,2020,1,773.3
Aragón,Zaragoza,2020,1,1297.8
Principado de Asturias,Asturias,2020,1,1258.4
Illes Balears,Illes Balears,2020,1,2372.1
Canarias,Total,2020,1,1529.9
Canarias,Las Palmas,2020,1,1612.0
Canarias,Santa Cruz de Tenerife,2020,1,1449.9
Cantabria,Cantabria,2020,1,1453.4
Castilla y León,Total,2020,1,1032.4
Castilla y León,Ávila,2020,1,814.7
Castilla y León,Burgos,2020,1,1102.7
Castilla y León,León,2020,1,861.1
Castilla y León,Palencia,2020,1,950.4
Castilla y León,Salamanca,2020,1,1201.7
Castilla y León,Segovia,2020,1,969.9
Castilla y León,Soria,2020,1,937.7
Castilla y León,Valladolid,2020,1,1245.4
Castilla y León,Zamora,2020,1,825.8
Castilla - La Mancha,Total,2020,1,868.5
Castilla - La Mancha,Albacete,2020,1,889.2
Castilla - La Mancha,Ciudad Real,2020,1,726.7
Castilla - La Mancha,Cuenca,2020,1,748.6
Castilla - La Mancha,Guadalajara,2020,1,1112.4
Castilla - La Mancha,Toledo,2020,1,832.5
Cataluña,Total,2020,1,2025.4
Cataluña,Barcelona,2020,1,2404.1
Cataluña,Girona,2020,1,1543.2
Cataluña,Lleida,2020,1,989.2
Cataluña,Tarragona,2020,1,1254.2
Comunitat Valenciana,Total,2020,1,1205.8000000000002
Comunitat Valenciana,Alicante/Alacant,2020,1,1284.3
Comunitat Valenciana,Castellón/Castelló,2020,1,1039.5
Comunitat Valenciana,Valencia/València,2020,1,1178.7
Extremadura,Total,2020,1,865.5
Extremadura,Badajoz,2020,1,873.0
Extremadura,Cáceres,2020,1,855.6
Galicia,Total,2020,1,1191.1
Galicia,A Coruña,2020,1,1226.6
Galicia,Lugo,2020,1,834.9
Galicia,Ourense,2020,1,937.5
Galicia,Pontevedra,2020,1,1264.1
Comunidad de Madrid,Madrid,2020,1,2629.4
Región de Murcia,Murcia,2020,1,975.1
Comunidad Foral de Navarra,Navarra,2020,1,1420.0
País Vasco,Total,2020,1,2392.7
País Vasco,Araba/Álava,2020,1,1934.0
País Vasco,Gipuzkoa,2020,1,2698.2
País Vasco,Bizkaia,2020,1,2340.3
La Rioja,La Rioja,2020,1,1080.4
Ceuta,Ceuta,2020,1,1728.2
Melilla,Melilla,2020,1,1606.3
Andalucía,Total,2020,2,1286.6
Andalucía,Almería,2020,2,1100.4
Andalucía,Cádiz,2020,2,1321.2
Andalucía,Córdoba,2020,2,1111.6
Andalucía,Granada,2020,2,1095.7
Andalucía,Huelva,2020,2,1038.2
Andalucía,Jaén,2020,2,781.5
Andalucía,Málaga,2020,2,1806.7
Andalucía,Sevilla,2020,2,1293.9
Aragón,Total,2020,2,1168.2
Aragón,Huesca,2020,2,1118.3
Aragón,Teruel,2020,2,743.9
Aragón,Zaragoza,2020,2,1255.4
Principado de Asturias,Asturias,2020,2,1266.0
Illes Balears,Illes Balears,2020,2,2323.6
Canarias,Total,2020,2,1480.6
Canarias,Las Palmas,2020,2,1566.0
Canarias,Santa Cruz de Tenerife,2020,2,1397.9
Cantabria,Cantabria,2020,2,1410.4
Castilla y León,Total,2020,2,1020.0
Castilla y León,Ávila,2020,2,785.1
Castilla y León,Burgos,2020,2,1103.7
Castilla y León,León,2020,2,853.1
Castilla y León,Palencia,2020,2,936.6
Castilla y León,Salamanca,2020,2,1189.2
Castilla y León,Segovia,2020,2,959.1
Castilla y León,Soria,2020,2,909.2
Castilla y León,Valladolid,2020,2,1213.7
Castilla y León,Zamora,2020,2,851.1
Castilla - La Mancha,Total,2020,2,850.4
Castilla - La Mancha,Albacete,2020,2,884.2
Castilla - La Mancha,Ciudad Real,2020,2,700.7
Castilla - La Mancha,Cuenca,2020,2,750.5
Castilla - La Mancha,Guadalajara,2020,2,1085.0
Castilla - La Mancha,Toledo,2020,2,812.1
Cataluña,Total,2020,2,1981.7
Cataluña,Barcelona,2020,2,2356.1
Cataluña,Girona,2020,2,1495.2
Cataluña,Lleida,2020,2,990.4
Cataluña,Tarragona,2020,2,1215.4
Comunitat Valenciana,Total,2020,2,1175.5
Comunitat Valenciana,Alicante/Alacant,2020,2,1251.0
Comunitat Valenciana,Castellón/Castelló,2020,2,1030.0
Comunitat Valenciana,Valencia/València,2020,2,1145.1
Extremadura,Total,2020,2,847.7
Extremadura,Badajoz,2020,2,856.2
Extremadura,Cáceres,2020,2,836.3
Galicia,Total,2020,2,1178.1
Galicia,A Coruña,2020,2,1228.0
Galicia,Lugo,2020,2,831.5
Galicia,Ourense,2020,2,910.8
Galicia,Pontevedra,2020,2,1237.6
Comunidad de Madrid,Madrid,2020,2,2579.4
Región de Murcia,Murcia,2020,2,940.9
Comunidad Foral de Navarra,Navarra,2020,2,1379.3
País Vasco,Total,2020,2,2382.1
País Vasco,Araba/Álava,2020,2,1936.9
País Vasco,Gipuzkoa,2020,2,2659.7
País Vasco,Bizkaia,2020,2,2342.3
La Rioja,La Rioja,2020,2,1053.0
Ceuta,Ceuta,2020,2,1730.0
Melilla,Melilla,2020,2,1633.1
Andalucía,Total,2020,3,1284.9
Andalucía,Almería,2020,3,1086.6
Andalucía,Cádiz,2020,3,1353.3
Andalucía,Córdoba,2020,3,1107.2
Andalucía,Granada,2020,3,1103.5
Andalucía,Huelva,2020,3,1063.8
Andalucía,Jaén,2020,3,769.5
Andalucía,Málaga,2020,3,1783.8
Andalucía,Sevilla,2020,3,1283.9
Aragón,Total,2020,3,1184.2
Aragón,Huesca,2020,3,1137.3
Aragón,Teruel,2020,3,725.0
Aragón,Zaragoza,2020,3,1278.6
Principado de Asturias,Asturias,2020,3,1271.3
Illes Balears,Illes Balears,2020,3,2374.8
Canarias,Total,2020,3,1491.2
Canarias,Las Palmas,2020,3,1571.2
Canarias,Santa Cruz de Tenerife,2020,3,1413.7
Cantabria,Cantabria,2020,3,1448.2
Castilla y León,Total,2020,3,1020.2
Castilla y León,Ávila,2020,3,804.9
Castilla y León,Burgos,2020,3,1096.7
Castilla y León,León,2020,3,864.1
Castilla y León,Palencia,2020,3,937.5
Castilla y León,Salamanca,2020,3,1181.3
Castilla y León,Segovia,2020,3,978.1
Castilla y León,Soria,2020,3,923.0
Castilla y León,Valladolid,2020,3,1208.0
Castilla y León,Zamora,2020,3,819.9
Castilla - La Mancha,Total,2020,3,870.6
Castilla - La Mancha,Albacete,2020,3,896.7
Castilla - La Mancha,Ciudad Real,2020,3,713.8
Castilla - La Mancha,Cuenca,2020,3,771.5
Castilla - La Mancha,Guadalajara,2020,3,1113.9
Castilla - La Mancha,Toledo,2020,3,836.0
Cataluña,Total,2020,3,1994.0
Cataluña,Barcelona,2020,3,2359.1
Cataluña,Girona,2020,3,1530.5
Cataluña,Lleida,2020,3,981.8
Cataluña,Tarragona,2020,3,1253.6
Comunitat Valenciana,Total,2020,3,1200.3
Comunitat Valenciana,Alicante/Alacant,2020,3,1272.5
Comunitat Valenciana,Castellón/Castelló,2020,3,1051.2
Comunitat Valenciana,Valencia/València,2020,3,1174.4
Extremadura,Total,2020,3,841.6
Extremadura,Badajoz,2020,3,845.4
Extremadura,Cáceres,2020,3,836.5
Galicia,Total,2020,3,1193.9
Galicia,A Coruña,2020,3,1240.6
Galicia,Lugo,2020,3,848.1
Galicia,Ourense,2020,3,908.0
Galicia,Pontevedra,2020,3,1264.8
Comunidad de Madrid,Madrid,2020,3,2600.2
Región de Murcia,Murcia,2020,3,950.1
Comunidad Foral de Navarra,Navarra,2020,3,1379.3
País Vasco,Total,2020,3,2334.0
País Vasco,Araba/Álava,2020,3,1908.6
País Vasco,Gipuzkoa,2020,3,2644.8
País Vasco,Bizkaia,2020,3,2268.3
La Rioja,La Rioja,2020,3,1066.1
Ceuta,Ceuta,2020,3,1787.4
Melilla,Melilla,2020,3,1668.4
Andalucía,Total,2020,4,1304.9
Andalucía,Almería,2020,4,1110.6
Andalucía,Cádiz,2020,4,1366.9
Andalucía,Córdoba,2020,4,1121.0
Andalucía,Granada,2020,4,1113.5
Andalucía,Huelva,2020,4,1074.6
Andalucía,Jaén,2020,4,784.4
Andalucía,Málaga,2020,4,1804.7
Andalucía,Sevilla,2020,4,1319.5
Aragón,Total,2020,4,1193.2
Aragón,Huesca,2020,4,1149.7
Aragón,Teruel,2020,4,743.7
Aragón,Zaragoza,2020,4,1285.4
Principado de Asturias,Asturias,2020,4,1242.6
Illes Balears,Illes Balears,2020,4,2392.8
Canarias,Total,2020,4,1507.4
Canarias,Las Palmas,2020,4,1579.2
Canarias,Santa Cruz de Tenerife,2020,4,1437.5
Cantabria,Cantabria,2020,4,1430.7
Castilla y León,Total,2020,4,1018.6
Castilla y León,Ávila,2020,4,814.1
Castilla y León,Burgos,2020,4,1119.4
Castilla y León,León,2020,4,846.0
Castilla y León,Palencia,2020,4,924.9
Castilla y León,Salamanca,2020,4,1158.8
Castilla y León,Segovia,2020,4,959.7
Castilla y León,Soria,2020,4,891.1
Castilla y León,Valladolid,2020,4,1227.3
Castilla y León,Zamora,2020,4,841.9
Castilla - La Mancha,Total,2020,4,881.7
Castilla - La Mancha,Albacete,2020,4,908.3
Castilla - La Mancha,Ciudad Real,2020,4,726.3
Castilla - La Mancha,Cuenca,2020,4,770.3
Castilla - La Mancha,Guadalajara,2020,4,1129.7
Castilla - La Mancha,Toledo,2020,4,848.2
Cataluña,Total,2020,4,1986.7
Cataluña,Barcelona,2020,4,2346.9
Cataluña,Girona,2020,4,1529.5
Cataluña,Lleida,2020,4,968.9
Cataluña,Tarragona,2020,4,1264.5
Comunitat Valenciana,Total,2020,4,1210.1
Comunitat Valenciana,Alicante/Alacant,2020,4,1282.9
Comunitat Valenciana,Castellón/Castelló,2020,4,1049.9
Comunitat Valenciana,Valencia/València,2020,4,1187.6
Extremadura,Total,2020,4,850.3
Extremadura,Badajoz,2020,4,861.2
Extremadura,Cáceres,2020,4,835.5
Galicia,Total,2020,4,1198.7
Galicia,A Coruña,2020,4,1248.9
Galicia,Lugo,2020,4,864.8
Galicia,Ourense,2020,4,913.6
Galicia,Pontevedra,2020,4,1259.8
Comunidad de Madrid,Madrid,2020,4,2564.4
Región de Murcia,Murcia,2020,4,970.7
Comunidad Foral de Navarra,Navarra,2020,4,1393.2
País Vasco,Total,2020,4,2384.5
País Vasco,Araba/Álava,2020,4,1953.0
País Vasco,Gipuzkoa,2020,4,2689.6
País Vasco,Bizkaia,2020,4,2323.6
La Rioja,La Rioja,2020,4,1087.2
Ceuta,Ceuta,2020,4,1763.5
Melilla,Melilla,2020,4,1641.5
Andalucía,Total,2021,1,1296.7
Andalucía,Almería,2021,1,1082.1
Andalucía,Cádiz,2021,1,1360.3
Andalucía,Córdoba,2021,1,1091.2
Andalucía,Granada,2021,1,1122.8
Andalucía,Huelva,2021,1,1082.4
Andalucía,Jaén,2021,1,758.7
Andalucía,Málaga,2021,1,1796.5
Andalucía,Sevilla,2021,1,1300.7
Aragón,Total,2021,1,1169.0
Aragón,Huesca,2021,1,1120.7
Aragón,Teruel,2021,1,753.2
Aragón,Zaragoza,2021,1,1254.9
Principado de Asturias,Asturias,2021,1,1279.2
Illes Balears,Illes Balears,2021,1,2355.2
Canarias,Total,2021,1,1494.6999999999998
Canarias,Las Palmas,2021,1,1577.8
Canarias,Santa Cruz de Tenerife,2021,1,1414.5
Cantabria,Cantabria,2021,1,1439.1
Castilla y León,Total,2021,1,1011.4
Castilla y León,Ávila,2021,1,793.1
Castilla y León,Burgos,2021,1,1114.6
Castilla y León,León,2021,1,851.1
Castilla y León,Palencia,2021,1,897.8
Castilla y León,Salamanca,2021,1,1144.5
Castilla y León,Segovia,2021,1,967.6
Castilla y León,Soria,2021,1,901.9
Castilla y León,Valladolid,2021,1,1217.4
Castilla y León,Zamora,2021,1,829.8
Castilla - La Mancha,Total,2021,1,865.6
Castilla - La Mancha,Albacete,2021,1,891.9
Castilla - La Mancha,Ciudad Real,2021,1,718.9
Castilla - La Mancha,Cuenca,2021,1,757.3
Castilla - La Mancha,Guadalajara,2021,1,1106.1
Castilla - La Mancha,Toledo,2021,1,828.4
Cataluña,Total,2021,1,2010.7
Cataluña,Barcelona,2021,1,2383.4
Cataluña,Girona,2021,1,1522.3
Cataluña,Lleida,2021,1,993.9
Cataluña,Tarragona,2021,1,1257.0
Comunitat Valenciana,Total,2021,1,1212.7
Comunitat Valenciana,Alicante/Alacant,2021,1,1289.9
Comunitat Valenciana,Castellón/Castelló,2021,1,1035.0
Comunitat Valenciana,Valencia/València,2021,1,1191.1
Extremadura,Total,2021,1,830.8
Extremadura,Badajoz,2021,1,838.0
Extremadura,Cáceres,2021,1,820.8
Galicia,Total,2021,1,1202.8
Galicia,A Coruña,2021,1,1253.6
Galicia,Lugo,2021,1,847.7
Galicia,Ourense,2021,1,889.8
Galicia,Pontevedra,2021,1,1281.8
Comunidad de Madrid,Madrid,2021,1,2590.8
Región de Murcia,Murcia,2021,1,973.4
Comunidad Foral de Navarra,Navarra,2021,1,1405.4
País Vasco,Total,2021,1,2422.0
País Vasco,Araba/Álava,2021,1,2004.4
País Vasco,Gipuzkoa,2021,1,2726.7
País Vasco,Bizkaia,2021,1,2361.7
La Rioja,La Rioja,2021,1,1054.6
Ceuta,Ceuta,2021,1,1772.8
Melilla,Melilla,2021,1,1629.2
Andalucía,Total,2021,2,1321.9
Andalucía,Almería,2021,2,1113.8
Andalucía,Cádiz,2021,2,1397.8
Andalucía,Córdoba,2021,2,1098.0
Andalucía,Granada,2021,2,1108.5
Andalucía,Huelva,2021,2,1102.4
Andalucía,Jaén,2021,2,770.7
Andalucía,Málaga,2021,2,1843.8
Andalucía,Sevilla,2021,2,1327.9
Aragón,Total,2021,2,1184.3
Aragón,Huesca,2021,2,1141.3
Aragón,Teruel,2021,2,746.6
Aragón,Zaragoza,2021,2,1273.8
Principado de Asturias,Asturias,2021,2,1280.7
Illes Balears,Illes Balears,2021,2,2434.9
Canarias,Total,2021,2,1517.5
Canarias,Las Palmas,2021,2,1616.5
Canarias,Santa Cruz de Tenerife,2021,2,1422.6
Cantabria,Cantabria,2021,2,1467.0
Castilla y León,Total,2021,2,1007.8
Castilla y León,Ávila,2021,2,814.7
Castilla y León,Burgos,2021,2,1107.1
Castilla y León,León,2021,2,832.8
Castilla y León,Palencia,2021,2,899.0999999999999
Castilla y León,Salamanca,2021,2,1138.2
Castilla y León,Segovia,2021,2,955.1
Castilla y León,Soria,2021,2,867.3
Castilla y León,Valladolid,2021,2,1248.7
Castilla y León,Zamora,2021,2,799.2
Castilla - La Mancha,Total,2021,2,877.4000000000001
Castilla - La Mancha,Albacete,2021,2,916.2
Castilla - La Mancha,Ciudad Real,2021,2,706.5
Castilla - La Mancha,Cuenca,2021,2,783.3
Castilla - La Mancha,Guadalajara,2021,2,1114.1
Castilla - La Mancha,Toledo,2021,2,847.2
Cataluña,Total,2021,2,2035.3
Cataluña,Barcelona,2021,2,2398.5
Cataluña,Girona,2021,2,1575.4
Cataluña,Lleida,2021,2,1023.8
Cataluña,Tarragona,2021,2,1293.1
Comunitat Valenciana,Total,2021,2,1237.0
Comunitat Valenciana,Alicante/Alacant,2021,2,1310.3
Comunitat Valenciana,Castellón/Castelló,2021,2,1051.8
Comunitat Valenciana,Valencia/València,2021,2,1222.1
Extremadura,Total,2021,2,841.5999999999999
Extremadura,Badajoz,2021,2,857.1
Extremadura,Cáceres,2021,2,820.3
Galicia,Total,2021,2,1198.8
Galicia,A Coruña,2021,2,1248.3
Galicia,Lugo,2021,2,869.3
Galicia,Ourense,2021,2,884.9
Galicia,Pontevedra,2021,2,1268.7
Comunidad de Madrid,Madrid,2021,2,2652.3
Región de Murcia,Murcia,2021,2,993.3
Comunidad Foral de Navarra,Navarra,2021,2,1395.6
País Vasco,Total,2021,2,2423.0
País Vasco,Araba/Álava,2021,2,1999.6
País Vasco,Gipuzkoa,2021,2,2741.2
País Vasco,Bizkaia,2021,2,2355.9
La Rioja,La Rioja,2021,2,1064.6
Ceuta,Ceuta,2021,2,1781.3
Melilla,Melilla,2021,2,1674.5
Andalucía,Total,2021,3,1345.1
Andalucía,Almería,2021,3,1148.1
Andalucía,Cádiz,2021,3,1403.9
Andalucía,Córdoba,2021,3,1083.5
Andalucía,Granada,2021,3,1124.9
Andalucía,Huelva,2021,3,1116.8
Andalucía,Jaén,2021,3,779.4
Andalucía,Málaga,2021,3,1916.4
Andalucía,Sevilla,2021,3,1333.6
Aragón,Total,2021,3,1200.5
Aragón,Huesca,2021,3,1170.3
Aragón,Teruel,2021,3,740.4
Aragón,Zaragoza,2021,3,1291.1
Principado de Asturias,Asturias,2021,3,1289.2
Illes Balears,Illes Balears,2021,3,2485.3
Canarias,Total,2021,3,1542.3000000000002
Canarias,Las Palmas,2021,3,1620.6
Canarias,Santa Cruz de Tenerife,2021,3,1466.2
Cantabria,Cantabria,2021,3,1478.7
Castilla y León,Total,2021,3,1025.8
Castilla y León,Ávila,2021,3,842.1
Castilla y León,Burgos,2021,3,1119.4
Castilla y León,León,2021,3,855.1
Castilla y León,Palencia,2021,3,926.2
Castilla y León,Salamanca,2021,3,1174.8
Castilla y León,Segovia,2021,3,977.0
Castilla y León,Soria,2021,3,899.7
Castilla y León,Valladolid,2021,3,1251.7
Castilla y León,Zamora,2021,3,788.3
Castilla - La Mancha,Total,2021,3,882.3000000000001
Castilla - La Mancha,Albacete,2021,3,899.0
Castilla - La Mancha,Ciudad Real,2021,3,708.0
Castilla - La Mancha,Cuenca,2021,3,762.6
Castilla - La Mancha,Guadalajara,2021,3,1140.6
Castilla - La Mancha,Toledo,2021,3,864.6
Cataluña,Total,2021,3,2030.7
Cataluña,Barcelona,2021,3,2388.8
Cataluña,Girona,2021,3,1578.0
Cataluña,Lleida,2021,3,989.0
Cataluña,Tarragona,2021,3,1316.3
Comunitat Valenciana,Total,2021,3,1246.5
Comunitat Valenciana,Alicante/Alacant,2021,3,1330.6
Comunitat Valenciana,Castellón/Castelló,2021,3,1083.9
Comunitat Valenciana,Valencia/València,2021,3,1214.9
Extremadura,Total,2021,3,854.6999999999999
Extremadura,Badajoz,2021,3,869.0
Extremadura,Cáceres,2021,3,835.1
Galicia,Total,2021,3,1204.6
Galicia,A Coruña,2021,3,1267.7
Galicia,Lugo,2021,3,872.7
Galicia,Ourense,2021,3,884.8
Galicia,Pontevedra,2021,3,1261.2
Comunidad de Madrid,Madrid,2021,3,2675.6
Región de Murcia,Murcia,2021,3,978.7
Comunidad Foral de Navarra,Navarra,2021,3,1413.0
País Vasco,Total,2021,3,2412.5
País Vasco,Araba/Álava,2021,3,1965.3
País Vasco,Gipuzkoa,2021,3,2726.0
País Vasco,Bizkaia,2021,3,2354.4
La Rioja,La Rioja,2021,3,1086.5
Ceuta,Ceuta,2021,3,1779.1
Melilla,Melilla,2021,3,1684.6
Andalucía,Total,2021,4,1360.9
Andalucía,Almería,2021,4,1152.0
Andalucía,Cádiz,2021,4,1418.4
Andalucía,Córdoba,2021,4,1081.0
Andalucía,Granada,2021,4,1159.0
Andalucía,Huelva,2021,4,1159.5
Andalucía,Jaén,2021,4,775.9
Andalucía,Málaga,2021,4,1911.7
Andalucía,Sevilla,2021,4,1370.6
Aragón,Total,2021,4,1227.4
Aragón,Huesca,2021,4,1164.9
Aragón,Teruel,2021,4,753.8
Aragón,Zaragoza,2021,4,1330.3
Principado de Asturias,Asturias,2021,4,1277.3
Illes Balears,Illes Balears,2021,4,2534.2
Canarias,Total,2021,4,1562.3000000000002
Canarias,Las Palmas,2021,4,1633.3
Canarias,Santa Cruz de Tenerife,2021,4,1492.9
Cantabria,Cantabria,2021,4,1464.9
Castilla y León,Total,2021,4,1029.8
Castilla y León,Ávila,2021,4,837.7
Castilla y León,Burgos,2021,4,1134.1
Castilla y León,León,2021,4,843.9
Castilla y León,Palencia,2021,4,886.5
Castilla y León,Salamanca,2021,4,1178.7
Castilla y León,Segovia,2021,4,980.9
Castilla y León,Soria,2021,4,863.0
Castilla y León,Valladolid,2021,4,1285.8
Castilla y León,Zamora,2021,4,813.0
Castilla - La Mancha,Total,2021,4,891.8
Castilla - La Mancha,Albacete,2021,4,913.8
Castilla - La Mancha,Ciudad Real,2021,4,710.6
Castilla - La Mancha,Cuenca,2021,4,792.4
Castilla - La Mancha,Guadalajara,2021,4,1132.6
Castilla - La Mancha,Toledo,2021,4,876.8
Cataluña,Total,2021,4,2083.1
Cataluña,Barcelona,2021,4,2445.6
Cataluña,Girona,2021,4,1632.0
Cataluña,Lleida,2021,4,1030.6
Cataluña,Tarragona,2021,4,1352.5
Comunitat Valenciana,Total,2021,4,1285.8
Comunitat Valenciana,Alicante/Alacant,2021,4,1363.6
Comunitat Valenciana,Castellón/Castelló,2021,4,1105.1
Comunitat Valenciana,Valencia/València,2021,4,1266.1
Extremadura,Total,2021,4,861.0
Extremadura,Badajoz,2021,4,865.3
Extremadura,Cáceres,2021,4,855.5
Galicia,Total,2021,4,1217.5
Galicia,A Coruña,2021,4,1259.7
Galicia,Lugo,2021,4,886.2
Galicia,Ourense,2021,4,903.2
Galicia,Pontevedra,2021,4,1296.4
Comunidad de Madrid,Madrid,2021,4,2750.3
Región de Murcia,Murcia,2021,4,1020.2
Comunidad Foral de Navarra,Navarra,2021,4,1444.8
País Vasco,Total,2021,4,2448.3
País Vasco,Araba/Álava,2021,4,2026.5
País Vasco,Gipuzkoa,2021,4,2759.6
País Vasco,Bizkaia,2021,4,2384.3
La Rioja,La Rioja,2021,4,1074.8
Ceuta,Ceuta,2021,4,1730.9
Melilla,Melilla,2021,4,1653.8
Andalucía,Total,2022,1,1394.3
Andalucía,Almería,2022,1,1156.8
Andalucía,Cádiz,2022,1,1437.4
Andalucía,Córdoba,2022,1,1114.6
Andalucía,Granada,2022,1,1195.0
Andalucía,Huelva,2022,1,1170.7
Andalucía,Jaén,2022,1,791.6
Andalucía,Málaga,2022,1,1972.6
Andalucía,Sevilla,2022,1,1406.4
Aragón,Total,2022,1,1248.5
Aragón,Huesca,2022,1,1188.3
Aragón,Teruel,2022,1,765.5
Aragón,Zaragoza,2022,1,1352.4
Principado de Asturias,Asturias,2022,1,1299.5
Illes Balears,Illes Balears,2022,1,2601.2
Canarias,Total,2022,1,1590.9
Canarias,Las Palmas,2022,1,1677.9
Canarias,Santa Cruz de Tenerife,2022,1,1505.7
Cantabria,Cantabria,2022,1,1461.9
Castilla y León,Total,2022,1,1041.1
Castilla y León,Ávila,2022,1,846.8
Castilla y León,Burgos,2022,1,1163.7
Castilla y León,León,2022,1,869.4
Castilla y León,Palencia,2022,1,908.3
Castilla y León,Salamanca,2022,1,1174.4
Castilla y León,Segovia,2022,1,1016.8
Castilla y León,Soria,2022,1,892.8
Castilla y León,Valladolid,2022,1,1275.1
Castilla y León,Zamora,2022,1,795.6
Castilla - La Mancha,Total,2022,1,908.7
Castilla - La Mancha,Albacete,2022,1,919.6
Castilla - La Mancha,Ciudad Real,2022,1,725.5
Castilla - La Mancha,Cuenca,2022,1,769.1
Castilla - La Mancha,Guadalajara,2022,1,1173.8
Castilla - La Mancha,Toledo,2022,1,902.6
Cataluña,Total,2022,1,2154.1
Cataluña,Barcelona,2022,1,2529.6
Cataluña,Girona,2022,1,1684.8
Cataluña,Lleida,2022,1,1058.9
Cataluña,Tarragona,2022,1,1398.1
Comunitat Valenciana,Total,2022,1,1312.8
Comunitat Valenciana,Alicante/Alacant,2022,1,1401.7
Comunitat Valenciana,Castellón/Castelló,2022,1,1089.5
Comunitat Valenciana,Valencia/València,2022,1,1294.3
Extremadura,Total,2022,1,862.1
Extremadura,Badajoz,2022,1,880.4
Extremadura,Cáceres,2022,1,835.4
Galicia,Total,2022,1,1229.7
Galicia,A Coruña,2022,1,1263.9
Galicia,Lugo,2022,1,881.4
Galicia,Ourense,2022,1,915.6
Galicia,Pontevedra,2022,1,1325.2
Comunidad de Madrid,Madrid,2022,1,2838.5
Región de Murcia,Murcia,2022,1,1038.6
Comunidad Foral de Navarra,Navarra,2022,1,1501.3
País Vasco,Total,2022,1,2496.9
País Vasco,Araba/Álava,2022,1,1973.7
País Vasco,Gipuzkoa,2022,1,2811.8
País Vasco,Bizkaia,2022,1,2456.8
La Rioja,La Rioja,2022,1,1104.6
Ceuta,Ceuta,2022,1,1796.7
Melilla,Melilla,2022,1,1721.2
Andalucía,Total,2022,2,1390.9
Andalucía,Almería,2022,2,1145.5
Andalucía,Cádiz,2022,2,1431.3
Andalucía,Córdoba,2022,2,1107.7
Andalucía,Granada,2022,2,1203.6
Andalucía,Huelva,2022,2,1133.8
Andalucía,Jaén,2022,2,793.3
Andalucía,Málaga,2022,2,2008.3
Andalucía,Sevilla,2022,2,1365.5
Aragón,Total,2022,2,1263.2
Aragón,Huesca,2022,2,1189.5
Aragón,Teruel,2022,2,753.9
Aragón,Zaragoza,2022,2,1374.7
Principado de Asturias,Asturias,2022,2,1316.2
Illes Balears,Illes Balears,2022,2,2617.8
Canarias,Total,2022,2,1597.5
Canarias,Las Palmas,2022,2,1708.2
Canarias,Santa Cruz de Tenerife,2022,2,1488.9
Cantabria,Cantabria,2022,2,1506.2
Castilla y León,Total,2022,2,1048.3
Castilla y León,Ávila,2022,2,846.4
Castilla y León,Burgos,2022,2,1142.1
Castilla y León,León,2022,2,862.4
Castilla y León,Palencia,2022,2,942.4
Castilla y León,Salamanca,2022,2,1214.3
Castilla y León,Segovia,2022,2,1047.5
Castilla y León,Soria,2022,2,916.7
Castilla y León,Valladolid,2022,2,1287.1
Castilla y León,Zamora,2022,2,782.2
Castilla - La Mancha,Total,2022,2,908.3
Castilla - La Mancha,Albacete,2022,2,928.8
Castilla - La Mancha,Ciudad Real,2022,2,728.4
Castilla - La Mancha,Cuenca,2022,2,791.6
Castilla - La Mancha,Guadalajara,2022,2,1189.0
Castilla - La Mancha,Toledo,2022,2,881.0
Cataluña,Total,2022,2,2132.2
Cataluña,Barcelona,2022,2,2503.1
Cataluña,Girona,2022,2,1679.4
Cataluña,Lleida,2022,2,1051.8
Cataluña,Tarragona,2022,2,1374.5
Comunitat Valenciana,Total,2022,2,1307.4
Comunitat Valenciana,Alicante/Alacant,2022,2,1389.4
Comunitat Valenciana,Castellón/Castelló,2022,2,1083.8
Comunitat Valenciana,Valencia/València,2022,2,1295.3
Extremadura,Total,2022,2,873.8
Extremadura,Badajoz,2022,2,898.3
Extremadura,Cáceres,2022,2,837.7
Galicia,Total,2022,2,1258.7
Galicia,A Coruña,2022,2,1292.5
Galicia,Lugo,2022,2,905.2
Galicia,Ourense,2022,2,925.9
Galicia,Pontevedra,2022,2,1362.2
Comunidad de Madrid,Madrid,2022,2,2889.8
Región de Murcia,Murcia,2022,2,1009.4
Comunidad Foral de Navarra,Navarra,2022,2,1507.7
País Vasco,Total,2022,2,2492.7000000000003
País Vasco,Araba/Álava,2022,2,2036.0
País Vasco,Gipuzkoa,2022,2,2787.0
País Vasco,Bizkaia,2022,2,2447.0
La Rioja,La Rioja,2022,2,1131.3
Ceuta,Ceuta,2022,2,1836.3
Melilla,Melilla,2022,2,1754.9
Andalucía,Total,2022,3,1407.7
Andalucía,Almería,2022,3,1153.4
Andalucía,Cádiz,2022,3,1462.5
Andalucía,Córdoba,2022,3,1105.0
Andalucía,Granada,2022,3,1189.6
Andalucía,Huelva,2022,3,1159.9
Andalucía,Jaén,2022,3,782.2
Andalucía,Málaga,2022,3,2057.5
Andalucía,Sevilla,2022,3,1370.0
Aragón,Total,2022,3,1254.7
Aragón,Huesca,2022,3,1156.9
Aragón,Teruel,2022,3,776.4
Aragón,Zaragoza,2022,3,1366.2
Principado de Asturias,Asturias,2022,3,1294.5
Illes Balears,Illes Balears,2022,3,2662.7
Canarias,Total,2022,3,1597.8
Canarias,Las Palmas,2022,3,1699.4
Canarias,Santa Cruz de Tenerife,2022,3,1497.9
Cantabria,Cantabria,2022,3,1554.3
Castilla y León,Total,2022,3,1040.1
Castilla y León,Ávila,2022,3,868.6
Castilla y León,Burgos,2022,3,1170.8
Castilla y León,León,2022,3,865.4
Castilla y León,Palencia,2022,3,913.0
Castilla y León,Salamanca,2022,3,1193.7
Castilla y León,Segovia,2022,3,1022.4
Castilla y León,Soria,2022,3,887.2
Castilla y León,Valladolid,2022,3,1246.2
Castilla y León,Zamora,2022,3,785.6
Castilla - La Mancha,Total,2022,3,908.2
Castilla - La Mancha,Albacete,2022,3,923.0
Castilla - La Mancha,Ciudad Real,2022,3,714.6
Castilla - La Mancha,Cuenca,2022,3,789.6
Castilla - La Mancha,Guadalajara,2022,3,1227.9
Castilla - La Mancha,Toledo,2022,3,877.8
Cataluña,Total,2022,3,2120.9
Cataluña,Barcelona,2022,3,2498.7
Cataluña,Girona,2022,3,1660.0
Cataluña,Lleida,2022,3,1024.5
Cataluña,Tarragona,2022,3,1337.1
Comunitat Valenciana,Total,2022,3,1304.4
Comunitat Valenciana,Alicante/Alacant,2022,3,1401.9
Comunitat Valenciana,Castellón/Castelló,2022,3,1062.8
Comunitat Valenciana,Valencia/València,2022,3,1282.6
Extremadura,Total,2022,3,864.6999999999999
Extremadura,Badajoz,2022,3,889.7
Extremadura,Cáceres,2022,3,827.9
Galicia,Total,2022,3,1259.6
Galicia,A Coruña,2022,3,1305.6
Galicia,Lugo,2022,3,892.6
Galicia,Ourense,2022,3,929.0
Galicia,Pontevedra,2022,3,1353.4
Comunidad de Madrid,Madrid,2022,3,2863.7
Región de Murcia,Murcia,2022,3,1023.1
Comunidad Foral de Navarra,Navarra,2022,3,1489.8
País Vasco,Total,2022,3,2516.6
País Vasco,Araba/Álava,2022,3,2032.1
País Vasco,Gipuzkoa,2022,3,2830.8
País Vasco,Bizkaia,2022,3,2467.5
La Rioja,La Rioja,2022,3,1107.4
Ceuta,Ceuta,2022,3,1833.7
Melilla,Melilla,2022,3,1747.6
Andalucía,Total,2022,4,1424.4
Andalucía,Almería,2022,4,1140.2
Andalucía,Cádiz,2022,4,1458.5
Andalucía,Córdoba,2022,4,1107.8
Andalucía,Granada,2022,4,1221.9
Andalucía,Huelva,2022,4,1197.9
Andalucía,Jaén,2022,4,787.2
Andalucía,Málaga,2022,4,2062.2
Andalucía,Sevilla,2022,4,1417.5
Aragón,Total,2022,4,1278.8
Aragón,Huesca,2022,4,1180.1
Aragón,Teruel,2022,4,754.5
Aragón,Zaragoza,2022,4,1398.3
Principado de Asturias,Asturias,2022,4,1295.9
Illes Balears,Illes Balears,2022,4,2683.2
Canarias,Total,2022,4,1614.5
Canarias,Las Palmas,2022,4,1680.5
Canarias,Santa Cruz de Tenerife,2022,4,1549.5
Cantabria,Cantabria,2022,4,1507.2
Castilla y León,Total,2022,4,1047.6
Castilla y León,Ávila,2022,4,875.3
Castilla y León,Burgos,2022,4,1156.3
Castilla y León,León,2022,4,868.9
Castilla y León,Palencia,2022,4,925.0
Castilla y León,Salamanca,2022,4,1171.5
Castilla y León,Segovia,2022,4,1054.9
Castilla y León,Soria,2022,4,903.9
Castilla y León,Valladolid,2022,4,1286.9
Castilla y León,Zamora,2022,4,791.8
Castilla - La Mancha,Total,2022,4,914.3
Castilla - La Mancha,Albacete,2022,4,928.8
Castilla - La Mancha,Ciudad Real,2022,4,725.0
Castilla - La Mancha,Cuenca,2022,4,765.0
Castilla - La Mancha,Guadalajara,2022,4,1237.2
Castilla - La Mancha,Toledo,2022,4,889.9
Cataluña,Total,2022,4,2136.6000000000004
Cataluña,Barcelona,2022,4,2516.0
Cataluña,Girona,2022,4,1662.0
Cataluña,Lleida,2022,4,1049.4
Cataluña,Tarragona,2022,4,1354.8
Comunitat Valenciana,Total,2022,4,1308.3
Comunitat Valenciana,Alicante/Alacant,2022,4,1390.2
Comunitat Valenciana,Castellón/Castelló,2022,4,1065.5
Comunitat Valenciana,Valencia/València,2022,4,1301.8
Extremadura,Total,2022,4,860.5
Extremadura,Badajoz,2022,4,876.6
Extremadura,Cáceres,2022,4,837.4
Galicia,Total,2022,4,1248.6
Galicia,A Coruña,2022,4,1300.0
Galicia,Lugo,2022,4,873.1
Galicia,Ourense,2022,4,928.9
Galicia,Pontevedra,2022,4,1337.0
Comunidad de Madrid,Madrid,2022,4,2874.8
Región de Murcia,Murcia,2022,4,1017.8
Comunidad Foral de Navarra,Navarra,2022,4,1534.1
País Vasco,Total,2022,4,2508.5
País Vasco,Araba/Álava,2022,4,2021.3
País Vasco,Gipuzkoa,2022,4,2865.6
País Vasco,Bizkaia,2022,4,2437.4
La Rioja,La Rioja,2022,4,1116.9
Ceuta,Ceuta,2022,4,1838.2
Melilla,Melilla,2022,4,1803.6
Andalucía,Total,2023,1,1459.6999999999998
Andalucía,Almería,2023,1,1149.9
Andalucía,Cádiz,2023,1,1500.7
Andalucía,Córdoba,2023,1,1103.6
Andalucía,Granada,2023,1,1217.7
Andalucía,Huelva,2023,1,1196.3
Andalucía,Jaén,2023,1,792.5
Andalucía,Málaga,2023,1,2140.9
Andalucía,Sevilla,2023,1,1466.8
Aragón,Total,2023,1,1262.0
Aragón,Huesca,2023,1,1150.8
Aragón,Teruel,2023,1,750.3
Aragón,Zaragoza,2023,1,1381.5
Principado de Asturias,Asturias,2023,1,1331.2
Illes Balears,Illes Balears,2023,1,2790.3
Canarias,Total,2023,1,1666.4
Canarias,Las Palmas,2023,1,1737.3
Canarias,Santa Cruz de Tenerife,2023,1,1595.4
Cantabria,Cantabria,2023,1,1499.1
Castilla y León,Total,2023,1,1051.0
Castilla y León,Ávila,2023,1,865.3
Castilla y León,Burgos,2023,1,1136.7
Castilla y León,León,2023,1,866.5
Castilla y León,Palencia,2023,1,949.1
Castilla y León,Salamanca,2023,1,1210.0
Castilla y León,Segovia,2023,1,1096.7
Castilla y León,Soria,2023,1,915.7
Castilla y León,Valladolid,2023,1,1271.1
Castilla y León,Zamora,2023,1,802.0
Castilla - La Mancha,Total,2023,1,922.8
Castilla - La Mancha,Albacete,2023,1,944.1
Castilla - La Mancha,Ciudad Real,2023,1,718.0
Castilla - La Mancha,Cuenca,2023,1,742.5
Castilla - La Mancha,Guadalajara,2023,1,1251.3
Castilla - La Mancha,Toledo,2023,1,916.0
Cataluña,Total,2023,1,2178.9
Cataluña,Barcelona,2023,1,2560.9
Cataluña,Girona,2023,1,1718.0
Cataluña,Lleida,2023,1,1071.3
Cataluña,Tarragona,2023,1,1375.2
Comunitat Valenciana,Total,2023,1,1355.6
Comunitat Valenciana,Alicante/Alacant,2023,1,1442.5
Comunitat Valenciana,Castellón/Castelló,2023,1,1095.9
Comunitat Valenciana,Valencia/València,2023,1,1347.1
Extremadura,Total,2023,1,876.9
Extremadura,Badajoz,2023,1,897.4
Extremadura,Cáceres,2023,1,848.3
Galicia,Total,2023,1,1278.1
Galicia,A Coruña,2023,1,1327.0
Galicia,Lugo,2023,1,906.8
Galicia,Ourense,2023,1,958.2
Galicia,Pontevedra,2023,1,1369.2
Comunidad de Madrid,Madrid,2023,1,2966.1
Región de Murcia,Murcia,2023,1,1040.6
Comunidad Foral de Navarra,Navarra,2023,1,1541.6
País Vasco,Total,2023,1,2533.6
País Vasco,Araba/Álava,2023,1,2062.2
País Vasco,Gipuzkoa,2023,1,2931.6
País Vasco,Bizkaia,2023,1,2437.1
La Rioja,La Rioja,2023,1,1141.8
Ceuta,Ceuta,2023,1,1809.4
Melilla,Melilla,2023,1,1782.4
Andalucía,Total,2023,2,1469.9
Andalucía,Almería,2023,2,1169.3
Andalucía,Cádiz,2023,2,1499.6
Andalucía,Córdoba,2023,2,1098.9
Andalucía,Granada,2023,2,1237.0
Andalucía,Huelva,2023,2,1195.1
Andalucía,Jaén,2023,2,798.0
Andalucía,Málaga,2023,2,2173.6
Andalucía,Sevilla,2023,2,1460.0
Aragón,Total,2023,2,1275.0
Aragón,Huesca,2023,2,1179.3
Aragón,Teruel,2023,2,779.5
Aragón,Zaragoza,2023,2,1388.3
Principado de Asturias,Asturias,2023,2,1357.0
Illes Balears,Illes Balears,2023,2,2854.7
Canarias,Total,2023,2,1695.1
Canarias,Las Palmas,2023,2,1751.6
Canarias,Santa Cruz de Tenerife,2023,2,1637.7
Cantabria,Cantabria,2023,2,1544.1
Castilla y León,Total,2023,2,1050.6999999999998
Castilla y León,Ávila,2023,2,857.0
Castilla y León,Burgos,2023,2,1144.4
Castilla y León,León,2023,2,881.3
Castilla y León,Palencia,2023,2,944.2
Castilla y León,Salamanca,2023,2,1183.7
Castilla y León,Segovia,2023,2,1086.3
Castilla y León,Soria,2023,2,927.3
Castilla y León,Valladolid,2023,2,1274.5
Castilla y León,Zamora,2023,2,809.5
Castilla - La Mancha,Total,2023,2,933.5
Castilla - La Mancha,Albacete,2023,2,945.1
Castilla - La Mancha,Ciudad Real,2023,2,703.2
Castilla - La Mancha,Cuenca,2023,2,768.7
Castilla - La Mancha,Guadalajara,2023,2,1273.2
Castilla - La Mancha,Toledo,2023,2,939.5
Cataluña,Total,2023,2,2163.5
Cataluña,Barcelona,2023,2,2535.7
Cataluña,Girona,2023,2,1744.2
Cataluña,Lleida,2023,2,1047.6
Cataluña,Tarragona,2023,2,1369.8
Comunitat Valenciana,Total,2023,2,1361.9
Comunitat Valenciana,Alicante/Alacant,2023,2,1450.5
Comunitat Valenciana,Castellón/Castelló,2023,2,1090.6
Comunitat Valenciana,Valencia/València,2023,2,1354.8
Extremadura,Total,2023,2,873.0
Extremadura,Badajoz,2023,2,891.1
Extremadura,Cáceres,2023,2,847.9
Galicia,Total,2023,2,1284.4
Galicia,A Coruña,2023,2,1336.6
Galicia,Lugo,2023,2,920.1
Galicia,Ourense,2023,2,959.4
Galicia,Pontevedra,2023,2,1372.1
Comunidad de Madrid,Madrid,2023,2,2963.8
Región de Murcia,Murcia,2023,2,1022.6
Comunidad Foral de Navarra,Navarra,2023,2,1563.5
País Vasco,Total,2023,2,2539.8
País Vasco,Araba/Álava,2023,2,2066.6
País Vasco,Gipuzkoa,2023,2,2857.4
País Vasco,Bizkaia,2023,2,2487.8
La Rioja,La Rioja,2023,2,1159.6
Ceuta,Ceuta,2023,2,1849.8
Melilla,Melilla,2023,2,1798.9
Andalucía,Total,2023,3,1495.3
Andalucía,Almería,2023,3,1186.8
Andalucía,Cádiz,2023,3,1550.2
Andalucía,Córdoba,2023,3,1085.1
Andalucía,Granada,2023,3,1246.7
Andalucía,Huelva,2023,3,1196.5
Andalucía,Jaén,2023,3,791.5
Andalucía,Málaga,2023,3,2221.6
Andalucía,Sevilla,2023,3,1486.3
Aragón,Total,2023,3,1310.3
Aragón,Huesca,2023,3,1160.9
Aragón,Teruel,2023,3,775.9
Aragón,Zaragoza,2023,3,1442.2
Principado de Asturias,Asturias,2023,3,1359.3
Illes Balears,Illes Balears,2023,3,2908.6
Canarias,Total,2023,3,1730.8
Canarias,Las Palmas,2023,3,1785.1
Canarias,Santa Cruz de Tenerife,2023,3,1675.1
Cantabria,Cantabria,2023,3,1560.7
Castilla y León,Total,2023,3,1048.1999999999998
Castilla y León,Ávila,2023,3,885.8
Castilla y León,Burgos,2023,3,1129.4
Castilla y León,León,2023,3,866.5
Castilla y León,Palencia,2023,3,958.4
Castilla y León,Salamanca,2023,3,1170.9
Castilla y León,Segovia,2023,3,1096.1
Castilla y León,Soria,2023,3,890.8
Castilla y León,Valladolid,2023,3,1278.1
Castilla y León,Zamora,2023,3,823.0
Castilla - La Mancha,Total,2023,3,941.9
Castilla - La Mancha,Albacete,2023,3,978.8
Castilla - La Mancha,Ciudad Real,2023,3,715.7
Castilla - La Mancha,Cuenca,2023,3,777.4
Castilla - La Mancha,Guadalajara,2023,3,1283.6
Castilla - La Mancha,Toledo,2023,3,932.1
Cataluña,Total,2023,3,2189.4
Cataluña,Barcelona,2023,3,2565.2
Cataluña,Girona,2023,3,1753.8
Cataluña,Lleida,2023,3,1063.1
Cataluña,Tarragona,2023,3,1395.8
Comunitat Valenciana,Total,2023,3,1389.8
Comunitat Valenciana,Alicante/Alacant,2023,3,1489.4
Comunitat Valenciana,Castellón/Castelló,2023,3,1127.6
Comunitat Valenciana,Valencia/València,2023,3,1369.5
Extremadura,Total,2023,3,864.7
Extremadura,Badajoz,2023,3,896.0
Extremadura,Cáceres,2023,3,820.7
Galicia,Total,2023,3,1295.2
Galicia,A Coruña,2023,3,1340.5
Galicia,Lugo,2023,3,953.6
Galicia,Ourense,2023,3,935.7
Galicia,Pontevedra,2023,3,1396.6
Comunidad de Madrid,Madrid,2023,3,2990.4
Región de Murcia,Murcia,2023,3,1047.3
Comunidad Foral de Navarra,Navarra,2023,3,1550.3
País Vasco,Total,2023,3,2519.3
País Vasco,Araba/Álava,2023,3,2084.4
País Vasco,Gipuzkoa,2023,3,2842.1
País Vasco,Bizkaia,2023,3,2455.0
La Rioja,La Rioja,2023,3,1190.1
Ceuta,Ceuta,2023,3,1849.7
Melilla,Melilla,2023,3,1873.8
Andalucía,Total,2023,4,1521.7
Andalucía,Almería,2023,4,1198.1
Andalucía,Cádiz,2023,4,1551.9
Andalucía,Córdoba,2023,4,1109.6
Andalucía,Granada,2023,4,1274.7
Andalucía,Huelva,2023,4,1234.6
Andalucía,Jaén,2023,4,783.5
Andalucía,Málaga,2023,4,2262.2
Andalucía,Sevilla,2023,4,1526.7
Aragón,Total,2023,4,1322.8
Aragón,Huesca,2023,4,1200.1
Aragón,Teruel,2023,4,806.3
Aragón,Zaragoza,2023,4,1445.8
Principado de Asturias,Asturias,2023,4,1342.9
Illes Balears,Illes Balears,2023,4,2944.8
Canarias,Total,2023,4,1739.0
Canarias,Las Palmas,2023,4,1782.1
Canarias,Santa Cruz de Tenerife,2023,4,1694.4
Cantabria,Cantabria,2023,4,1570.0
Castilla y León,Total,2023,4,1067.6
Castilla y León,Ávila,2023,4,881.7
Castilla y León,Burgos,2023,4,1164.2
Castilla y León,León,2023,4,884.7
Castilla y León,Palencia,2023,4,927.8
Castilla y León,Salamanca,2023,4,1214.8
Castilla y León,Segovia,2023,4,1137.8
Castilla y León,Soria,2023,4,924.1
Castilla y León,Valladolid,2023,4,1303.7
Castilla y León,Zamora,2023,4,800.8
Castilla - La Mancha,Total,2023,4,936.8
Castilla - La Mancha,Albacete,2023,4,978.4
Castilla - La Mancha,Ciudad Real,2023,4,708.4
Castilla - La Mancha,Cuenca,2023,4,774.9
Castilla - La Mancha,Guadalajara,2023,4,1276.7
Castilla - La Mancha,Toledo,2023,4,927.7
Cataluña,Total,2023,4,2225.2
Cataluña,Barcelona,2023,4,2604.5
Cataluña,Girona,2023,4,1768.2
Cataluña,Lleida,2023,4,1091.3
Cataluña,Tarragona,2023,4,1437.8
Comunitat Valenciana,Total,2023,4,1425.2
Comunitat Valenciana,Alicante/Alacant,2023,4,1518.8
Comunitat Valenciana,Castellón/Castelló,2023,4,1128.0
Comunitat Valenciana,Valencia/València,2023,4,1420.7
Extremadura,Total,2023,4,880.4
Extremadura,Badajoz,2023,4,905.0
Extremadura,Cáceres,2023,4,846.2
Galicia,Total,2023,4,1304.4
Galicia,A Coruña,2023,4,1353.1
Galicia,Lugo,2023,4,940.6
Galicia,Ourense,2023,4,926.1
Galicia,Pontevedra,2023,4,1415.8
Comunidad de Madrid,Madrid,2023,4,3067.8
Región de Murcia,Murcia,2023,4,1087.7
Comunidad Foral de Navarra,Navarra,2023,4,1584.9
País Vasco,Total,2023,4,2555.4
País Vasco,Araba/Álava,2023,4,2097.3
País Vasco,Gipuzkoa,2023,4,2894.1
País Vasco,Bizkaia,2023,4,2488.6
La Rioja,La Rioja,2023,4,1173.3
Ceuta,Ceuta,2023,4,1809.8
Melilla,Melilla,2023,4,1831.4
Andalucía,Total,2024,1,1549.5
Andalucía,Almería,2024,1,1208.3
Andalucía,Cádiz,2024,1,1589.2
Andalucía,Córdoba,2024,1,1114.6
Andalucía,Granada,2024,1,1278.7
Andalucía,Huelva,2024,1,1268.4
Andalucía,Jaén,2024,1,791.8
Andalucía,Málaga,2024,1,2314.8
Andalucía,Sevilla,2024,1,1542.0
Aragón,Total,2024,1,1333.9
Aragón,Huesca,2024,1,1190.3
Aragón,Teruel,2024,1,827.3
Aragón,Zaragoza,2024,1,1456.6
Principado de Asturias,Asturias,2024,1,1357.5
Illes Balears,Illes Balears,2024,1,3020.3
Canarias,Total,2024,1,1786.5
Canarias,Las Palmas,2024,1,1827.6
Canarias,Santa Cruz de Tenerife,2024,1,1744.0
Cantabria,Cantabria,2024,1,1609.6
Castilla y León,Total,2024,1,1074.8
Castilla y León,Ávila,2024,1,899.6
Castilla y León,Burgos,2024,1,1188.0
Castilla y León,León,2024,1,900.1
Castilla y León,Palencia,2024,1,938.8
Castilla y León,Salamanca,2024,1,1199.4
Castilla y León,Segovia,2024,1,1135.8
Castilla y León,Soria,2024,1,917.7
Castilla y León,Valladolid,2024,1,1306.0
Castilla y León,Zamora,2024,1,811.2
Castilla - La Mancha,Total,2024,1,952.5
Castilla - La Mancha,Albacete,2024,1,999.6
Castilla - La Mancha,Ciudad Real,2024,1,720.6
Castilla - La Mancha,Cuenca,2024,1,772.8
Castilla - La Mancha,Guadalajara,2024,1,1307.1
Castilla - La Mancha,Toledo,2024,1,943.9
Cataluña,Total,2024,1,2256.0
Cataluña,Barcelona,2024,1,2633.0
Cataluña,Girona,2024,1,1793.0
Cataluña,Lleida,2024,1,1110.1
Cataluña,Tarragona,2024,1,1465.7
Comunitat Valenciana,Total,2024,1,1450.4
Comunitat Valenciana,Alicante/Alacant,2024,1,1546.5
Comunitat Valenciana,Castellón/Castelló,2024,1,1147.6
Comunitat Valenciana,Valencia/València,2024,1,1443.1
Extremadura,Total,2024,1,884.6
Extremadura,Badajoz,2024,1,916.9
Extremadura,Cáceres,2024,1,838.9
Galicia,Total,2024,1,1330.5
Galicia,A Coruña,2024,1,1379.6
Galicia,Lugo,2024,1,962.9
Galicia,Ourense,2024,1,934.3
Galicia,Pontevedra,2024,1,1450.0
Comunidad de Madrid,Madrid,2024,1,3102.8
Región de Murcia,Murcia,2024,1,1094.0
Comunidad Foral de Navarra,Navarra,2024,1,1623.5
País Vasco,Total,2024,1,2564.6
País Vasco,Araba/Álava,2024,1,2083.5
País Vasco,Gipuzkoa,2024,1,2932.1
País Vasco,Bizkaia,2024,1,2486.9
La Rioja,La Rioja,2024,1,1208.1
Ceuta,Ceuta,2024,1,1887.8
Melilla,Melilla,2024,1,1901.8
Andalucía,Total,2024,2,1581.6
Andalucía,Almería,2024,2,1232.7
Andalucía,Cádiz,2024,2,1611.0
Andalucía,Córdoba,2024,2,1136.2
Andalucía,Granada,2024,2,1315.3
Andalucía,Huelva,2024,2,1263.3
Andalucía,Jaén,2024,2,808.4
Andalucía,Málaga,2024,2,2386.7
Andalucía,Sevilla,2024,2,1558.4
Aragón,Total,2024,2,1381.6
Aragón,Huesca,2024,2,1234.0
Aragón,Teruel,2024,2,851.4
Aragón,Zaragoza,2024,2,1508.2
Principado de Asturias,Asturias,2024,2,1394.8
Illes Balears,Illes Balears,2024,2,3097.1
Canarias,Total,2024,2,1809.5
Canarias,Las Palmas,2024,2,1830.8
Canarias,Santa Cruz de Tenerife,2024,2,1786.5
Cantabria,Cantabria,2024,2,1623.0
Castilla y León,Total,2024,2,1077.3
Castilla y León,Ávila,2024,2,927.6
Castilla y León,Burgos,2024,2,1198.9
Castilla y León,León,2024,2,876.3
Castilla y León,Palencia,2024,2,953.2
Castilla y León,Salamanca,2024,2,1196.2
Castilla y León,Segovia,2024,2,1136.7
Castilla y León,Soria,2024,2,950.3
Castilla y León,Valladolid,2024,2,1307.3
Castilla y León,Zamora,2024,2,838.5
Castilla - La Mancha,Total,2024,2,961.5
Castilla - La Mancha,Albacete,2024,2,1002.3
Castilla - La Mancha,Ciudad Real,2024,2,720.7
Castilla - La Mancha,Cuenca,2024,2,767.6
Castilla - La Mancha,Guadalajara,2024,2,1338.7
Castilla - La Mancha,Toledo,2024,2,957.1
Cataluña,Total,2024,2,2277.6
Cataluña,Barcelona,2024,2,2657.3
Cataluña,Girona,2024,2,1824.6
Cataluña,Lleida,2024,2,1119.4
Cataluña,Tarragona,2024,2,1466.1
Comunitat Valenciana,Total,2024,2,1464.5
Comunitat Valenciana,Alicante/Alacant,2024,2,1546.7
Comunitat Valenciana,Castellón/Castelló,2024,2,1146.1
Comunitat Valenciana,Valencia/València,2024,2,1474.6
Extremadura,Total,2024,2,894.6999999999999
Extremadura,Badajoz,2024,2,920.4
Extremadura,Cáceres,2024,2,859.1
Galicia,Total,2024,2,1336.8
Galicia,A Coruña,2024,2,1391.4
Galicia,Lugo,2024,2,948.2
Galicia,Ourense,2024,2,942.2
Galicia,Pontevedra,2024,2,1456.7
Comunidad de Madrid,Madrid,2024,2,3185.2
Región de Murcia,Murcia,2024,2,1090.0
Comunidad Foral de Navarra,Navarra,2024,2,1657.5
País Vasco,Total,2024,2,2611.3
País Vasco,Araba/Álava,2024,2,2097.5
País Vasco,Gipuzkoa,2024,2,2981.6
País Vasco,Bizkaia,2024,2,2539.9
La Rioja,La Rioja,2024,2,1186.3
Ceuta,Ceuta,2024,2,1943.7
Melilla,Melilla,2024,2,1903.9
Andalucía,Total,2024,3,1589.2
Andalucía,Almería,2024,3,1233.1
Andalucía,Cádiz,2024,3,1644.5
Andalucía,Córdoba,2024,3,1118.1
Andalucía,Granada,2024,3,1337.6
Andalucía,Huelva,2024,3,1254.2
Andalucía,Jaén,2024,3,797.2
Andalucía,Málaga,2024,3,2424.9
Andalucía,Sevilla,2024,3,1528.8
Aragón,Total,2024,3,1396.6
Aragón,Huesca,2024,3,1224.4
Aragón,Teruel,2024,3,849.5
Aragón,Zaragoza,2024,3,1531.2
Principado de Asturias,Asturias,2024,3,1430.7
Illes Balears,Illes Balears,2024,3,3195.9
Canarias,Total,2024,3,1834.5
Canarias,Las Palmas,2024,3,1854.3
Canarias,Santa Cruz de Tenerife,2024,3,1813.3
Cantabria,Cantabria,2024,3,1676.4
Castilla y León,Total,2024,3,1091.9
Castilla y León,Ávila,2024,3,958.2
Castilla y León,Burgos,2024,3,1172.9
Castilla y León,León,2024,3,904.3
Castilla y León,Palencia,2024,3,923.7
Castilla y León,Salamanca,2024,3,1235.4
Castilla y León,Segovia,2024,3,1171.8
Castilla y León,Soria,2024,3,958.3
Castilla y León,Valladolid,2024,3,1338.8
Castilla y León,Zamora,2024,3,810.9
Castilla - La Mancha,Total,2024,3,972.2
Castilla - La Mancha,Albacete,2024,3,998.8
Castilla - La Mancha,Ciudad Real,2024,3,708.9
Castilla - La Mancha,Cuenca,2024,3,794.5
Castilla - La Mancha,Guadalajara,2024,3,1366.0
Castilla - La Mancha,Toledo,2024,3,976.6
Cataluña,Total,2024,3,2293.8
Cataluña,Barcelona,2024,3,2679.9
Cataluña,Girona,2024,3,1820.6
Cataluña,Lleida,2024,3,1099.1
Cataluña,Tarragona,2024,3,1480.7
Comunitat Valenciana,Total,2024,3,1505.1
Comunitat Valenciana,Alicante/Alacant,2024,3,1594.3
Comunitat Valenciana,Castellón/Castelló,2024,3,1181.3
Comunitat Valenciana,Valencia/València,2024,3,1510.1
Extremadura,Total,2024,3,896.8000000000001
Extremadura,Badajoz,2024,3,920.1
Extremadura,Cáceres,2024,3,864.7
Galicia,Total,2024,3,1378.6
Galicia,A Coruña,2024,3,1437.9
Galicia,Lugo,2024,3,979.4
Galicia,Ourense,2024,3,970.5
Galicia,Pontevedra,2024,3,1499.2
Comunidad de Madrid,Madrid,2024,3,3260.1
Región de Murcia,Murcia,2024,3,1087.2
Comunidad Foral de Navarra,Navarra,2024,3,1601.3
País Vasco,Total,2024,3,2570.6000000000004
País Vasco,Araba/Álava,2024,3,2125.2
País Vasco,Gipuzkoa,2024,3,2903.6
País Vasco,Bizkaia,2024,3,2502.0
La Rioja,La Rioja,2024,3,1200.1
Ceuta,Ceuta,2024,3,1951.1
Melilla,Melilla,2024,3,1850.7
Andalucía,Total,2024,4,1637.0
Andalucía,Almería,2024,4,1265.1
Andalucía,Cádiz,2024,4,1679.9
Andalucía,Córdoba,2024,4,1129.1
Andalucía,Granada,2024,4,1383.2
Andalucía,Huelva,2024,4,1297.6
Andalucía,Jaén,2024,4,809.3
Andalucía,Málaga,2024,4,2507.2
Andalucía,Sevilla,2024,4,1582.1
Aragón,Total,2024,4,1440.7
Aragón,Huesca,2024,4,1265.4
Aragón,Teruel,2024,4,879.1
Aragón,Zaragoza,2024,4,1578.3
Principado de Asturias,Asturias,2024,4,1468.0
Illes Balears,Illes Balears,2024,4,3303.4
Canarias,Total,2024,4,1888.1
Canarias,Las Palmas,2024,4,1904.3
Canarias,Santa Cruz de Tenerife,2024,4,1870.6
Cantabria,Cantabria,2024,4,1698.1
Castilla y León,Total,2024,4,1107.0
Castilla y León,Ávila,2024,4,964.1
Castilla y León,Burgos,2024,4,1206.8
Castilla y León,León,2024,4,910.7
Castilla y León,Palencia,2024,4,950.9
Castilla y León,Salamanca,2024,4,1227.8
Castilla y León,Segovia,2024,4,1187.1
Castilla y León,Soria,2024,4,948.7
Castilla y León,Valladolid,2024,4,1368.3
Castilla y León,Zamora,2024,4,833.8
Castilla - La Mancha,Total,2024,4,998.0
Castilla - La Mancha,Albacete,2024,4,1025.0
Castilla - La Mancha,Ciudad Real,2024,4,721.9
Castilla - La Mancha,Cuenca,2024,4,805.4
Castilla - La Mancha,Guadalajara,2024,4,1407.9
Castilla - La Mancha,Toledo,2024,4,1007.4
Cataluña,Total,2024,4,2360.1000000000004
Cataluña,Barcelona,2024,4,2755.6
Cataluña,Girona,2024,4,1879.1
Cataluña,Lleida,2024,4,1137.7
Cataluña,Tarragona,2024,4,1523.2
Comunitat Valenciana,Total,2024,4,1550.6
Comunitat Valenciana,Alicante/Alacant,2024,4,1644.3
Comunitat Valenciana,Castellón/Castelló,2024,4,1193.8
Comunitat Valenciana,Valencia/València,2024,4,1560.4
Extremadura,Total,2024,4,900.7
Extremadura,Badajoz,2024,4,923.1
Extremadura,Cáceres,2024,4,869.9
Galicia,Total,2024,4,1383.6
Galicia,A Coruña,2024,4,1440.7
Galicia,Lugo,2024,4,989.1
Galicia,Ourense,2024,4,964.4
Galicia,Pontevedra,2024,4,1509.4
Comunidad de Madrid,Madrid,2024,4,3356.2
Región de Murcia,Murcia,2024,4,1124.7
Comunidad Foral de Navarra,Navarra,2024,4,1649.6
País Vasco,Total,2024,4,2621.3
País Vasco,Araba/Álava,2024,4,2173.2
País Vasco,Gipuzkoa,2024,4,2972.2
País Vasco,Bizkaia,2024,4,2543.4
La Rioja,La Rioja,2024,4,1238.2
Ceuta,Ceuta,2024,4,1971.5
Melilla,Melilla,2024,4,1899.2
Andalucía,Total,2025,1,1688.3000000000002
Andalucía,Almería,2025,1,1297.6
Andalucía,Cádiz,2025,1,1745.0
Andalucía,Córdoba,2025,1,1148.9
Andalucía,Granada,2025,1,1417.0
Andalucía,Huelva,2025,1,1328.1
Andalucía,Jaén,2025,1,820.9
Andalucía,Málaga,2025,1,2598.4
Andalucía,Sevilla,2025,1,1620.2
Aragón,Total,2025,1,1487.8
Aragón,Huesca,2025,1,1280.9
Aragón,Teruel,2025,1,906.7
Aragón,Zaragoza,2025,1,1635.1
Principado de Asturias,Asturias,2025,1,1512.4
Illes Balears,Illes Balears,2025,1,3418.9
Canarias,Total,2025,1,1962.8
Canarias,Las Palmas,2025,1,1971.0
Canarias,Santa Cruz de Tenerife,2025,1,1954.3
Cantabria,Cantabria,2025,1,1769.6
Castilla y León,Total,2025,1,1136.2
Castilla y León,Ávila,2025,1,992.1
Castilla y León,Burgos,2025,1,1264.6
Castilla y León,León,2025,1,932.5
Castilla y León,Palencia,2025,1,972.4
Castilla y León,Salamanca,2025,1,1268.7
Castilla y León,Segovia,2025,1,1236.6
Castilla y León,Soria,2025,1,986.1
Castilla y León,Valladolid,2025,1,1382.4
Castilla y León,Zamora,2025,1,849.4
Castilla - La Mancha,Total,2025,1,1032.2
Castilla - La Mancha,Albacete,2025,1,1059.1
Castilla - La Mancha,Ciudad Real,2025,1,743.7
Castilla - La Mancha,Cuenca,2025,1,839.9
Castilla - La Mancha,Guadalajara,2025,1,1454.4
Castilla - La Mancha,Toledo,2025,1,1045.7
Cataluña,Total,2025,1,2442.9
Cataluña,Barcelona,2025,1,2851.7
Cataluña,Girona,2025,1,1934.0
Cataluña,Lleida,2025,1,1182.2
Cataluña,Tarragona,2025,1,1575.8
Comunitat Valenciana,Total,2025,1,1610.0
Comunitat Valenciana,Alicante/Alacant,2025,1,1709.6
Comunitat Valenciana,Castellón/Castelló,2025,1,1231.5
Comunitat Valenciana,Valencia/València,2025,1,1617.4
Extremadura,Total,2025,1,907.9
Extremadura,Badajoz,2025,1,933.5
Extremadura,Cáceres,2025,1,872.0
Galicia,Total,2025,1,1427.7
Galicia,A Coruña,2025,1,1495.0
Galicia,Lugo,2025,1,1020.0
Galicia,Ourense,2025,1,974.7
Galicia,Pontevedra,2025,1,1557.4
Comunidad de Madrid,Madrid,2025,1,3461.6
Región de Murcia,Murcia,2025,1,1166.0
Comunidad Foral de Navarra,Navarra,2025,1,1695.4
País Vasco,Total,2025,1,2706.7
País Vasco,Araba/Álava,2025,1,2237.0
País Vasco,Gipuzkoa,2025,1,3080.0
País Vasco,Bizkaia,2025,1,2622.8
La Rioja,La Rioja,2025,1,1278.5
Ceuta,Ceuta,2025,1,2044.2
Melilla,Melilla,2025,1,1885.9
Andalucía,Total,2025,2,1730.7
Andalucía,Almería,2025,2,1300.9
Andalucía,Cádiz,2025,2,1754.5
Andalucía,Córdoba,2025,2,1169.9
Andalucía,Granada,2025,2,1475.0
Andalucía,Huelva,2025,2,1348.9
Andalucía,Jaén,2025,2,835.3
Andalucía,Málaga,2025,2,2688.3
Andalucía,Sevilla,2025,2,1662.6
Aragón,Total,2025,2,1530.1
Aragón,Huesca,2025,2,1288.9
Aragón,Teruel,2025,2,909.8
Aragón,Zaragoza,2025,2,1690.9
Principado de Asturias,Asturias,2025,2,1571.5
Illes Balears,Illes Balears,2025,2,3498.4
Canarias,Total,2025,2,1992.8
Canarias,Las Palmas,2025,2,1994.6
Canarias,Santa Cruz de Tenerife,2025,2,1991.0
Cantabria,Cantabria,2025,2,1848.9
Castilla y León,Total,2025,2,1167.9
Castilla y León,Ávila,2025,2,1019.6
Castilla y León,Burgos,2025,2,1277.9
Castilla y León,León,2025,2,955.0
Castilla y León,Palencia,2025,2,985.4
Castilla y León,Salamanca,2025,2,1321.2
Castilla y León,Segovia,2025,2,1290.1
Castilla y León,Soria,2025,2,1008.6
Castilla y León,Valladolid,2025,2,1425.3
Castilla y León,Zamora,2025,2,879.9
Castilla - La Mancha,Total,2025,2,1055.9
Castilla - La Mancha,Albacete,2025,2,1081.3
Castilla - La Mancha,Ciudad Real,2025,2,743.3
Castilla - La Mancha,Cuenca,2025,2,863.0
Castilla - La Mancha,Guadalajara,2025,2,1512.3
Castilla - La Mancha,Toledo,2025,2,1072.3
Cataluña,Total,2025,2,2487.6000000000004
Cataluña,Barcelona,2025,2,2906.1
Cataluña,Girona,2025,2,1957.9
Cataluña,Lleida,2025,2,1187.8
Cataluña,Tarragona,2025,2,1603.2
Comunitat Valenciana,Total,2025,2,1662.0
Comunitat Valenciana,Alicante/Alacant,2025,2,1757.6
Comunitat Valenciana,Castellón/Castelló,2025,2,1275.8
Comunitat Valenciana,Valencia/València,2025,2,1674.8
Extremadura,Total,2025,2,914.0
Extremadura,Badajoz,2025,2,933.7
Extremadura,Cáceres,2025,2,886.7
Galicia,Total,2025,2,1483.1
Galicia,A Coruña,2025,2,1557.0
Galicia,Lugo,2025,2,1066.3
Galicia,Ourense,2025,2,1010.8
Galicia,Pontevedra,2025,2,1612.4
Comunidad de Madrid,Madrid,2025,2,3615.3
Región de Murcia,Murcia,2025,2,1176.8
Comunidad Foral de Navarra,Navarra,2025,2,1762.5
País Vasco,Total,2025,2,2782.8
País Vasco,Araba/Álava,2025,2,2335.4
País Vasco,Gipuzkoa,2025,2,3103.4
País Vasco,Bizkaia,2025,2,2722.7
La Rioja,La Rioja,2025,2,1291.5
Ceuta,Ceuta,2025,2,2076.4
Melilla,Melilla,2025,2,1978.4
Andalucía,Total,2025,3,1793.6
Andalucía,Almería,2025,3,1354.5
Andalucía,Cádiz,2025,3,1827.0
Andalucía,Córdoba,2025,3,1206.8
Andalucía,Granada,2025,3,1512.2
Andalucía,Huelva,2025,3,1394.3
Andalucía,Jaén,2025,3,861.9
Andalucía,Málaga,2025,3,2814.9
Andalucía,Sevilla,2025,3,1696.3
Aragón,Total,2025,3,1581.4
Aragón,Huesca,2025,3,1346.9
Aragón,Teruel,2025,3,911.0
Aragón,Zaragoza,2025,3,1747.0
Principado de Asturias,Asturias,2025,3,1632.7
Illes Balears,Illes Balears,2025,3,3652.9
Canarias,Total,2025,3,2063.5
Canarias,Las Palmas,2025,3,2061.7
Canarias,Santa Cruz de Tenerife,2025,3,2065.4
Cantabria,Cantabria,2025,3,1930.9
Castilla y León,Total,2025,3,1198.8
Castilla y León,Ávila,2025,3,1059.6
Castilla y León,Burgos,2025,3,1315.7
Castilla y León,León,2025,3,973.7
Castilla y León,Palencia,2025,3,983.1
Castilla y León,Salamanca,2025,3,1346.5
Castilla y León,Segovia,2025,3,1347.7
Castilla y León,Soria,2025,3,1023.1
Castilla y León,Valladolid,2025,3,1473.2
Castilla y León,Zamora,2025,3,899.7
Castilla - La Mancha,Total,2025,3,1075.9
Castilla - La Mancha,Albacete,2025,3,1110.3
Castilla - La Mancha,Ciudad Real,2025,3,755.8
Castilla - La Mancha,Cuenca,2025,3,865.2
Castilla - La Mancha,Guadalajara,2025,3,1543.7
Castilla - La Mancha,Toledo,2025,3,1094.3
Cataluña,Total,2025,3,2535.9
Cataluña,Barcelona,2025,3,2966.0
Cataluña,Girona,2025,3,1981.6
Cataluña,Lleida,2025,3,1156.4
Cataluña,Tarragona,2025,3,1645.8
Comunitat Valenciana,Total,2025,3,1724.6
Comunitat Valenciana,Alicante/Alacant,2025,3,1814.1
Comunitat Valenciana,Castellón/Castelló,2025,3,1315.6
Comunitat Valenciana,Valencia/València,2025,3,1749.3
Extremadura,Total,2025,3,931.1
Extremadura,Badajoz,2025,3,950.5
Extremadura,Cáceres,2025,3,903.7
Galicia,Total,2025,3,1510.6
Galicia,A Coruña,2025,3,1583.8
Galicia,Lugo,2025,3,1075.1
Galicia,Ourense,2025,3,1021.9
Galicia,Pontevedra,2025,3,1653.1
Comunidad de Madrid,Madrid,2025,3,3712.7
Región de Murcia,Murcia,2025,3,1207.3
Comunidad Foral de Navarra,Navarra,2025,3,1778.1
País Vasco,Total,2025,3,2855.6
País Vasco,Araba/Álava,2025,3,2326.5
País Vasco,Gipuzkoa,2025,3,3207.1
País Vasco,Bizkaia,2025,3,2799.2
La Rioja,La Rioja,2025,3,1326.8
Ceuta,Ceuta,2025,3,2062.3
Melilla,Melilla,2025,3,1977.0
Andalucía,Total,2025,4,1844.2
Andalucía,Almería,2025,4,1379.1
Andalucía,Cádiz,2025,4,1884.1
Andalucía,Córdoba,2025,4,1229.1
Andalucía,Granada,2025,4,1564.3
Andalucía,Huelva,2025,4,1451.6
Andalucía,Jaén,2025,4,857.8
Andalucía,Málaga,2025,4,2874.1
Andalucía,Sevilla,2025,4,1768.9
Aragón,Total,2025,4,1638.9
Aragón,Huesca,2025,4,1395.7
Aragón,Teruel,2025,4,950.8
Aragón,Zaragoza,2025,4,1809.2
Principado de Asturias,Asturias,2025,4,1662.3
Illes Balears,Illes Balears,2025,4,3789.9
Canarias,Total,2025,4,2142.1
Canarias,Las Palmas,2025,4,2145.4
Canarias,Santa Cruz de Tenerife,2025,4,2138.7
Cantabria,Cantabria,2025,4,1982.0
Castilla y León,Total,2025,4,1228.8
Castilla y León,Ávila,2025,4,1086.2
Castilla y León,Burgos,2025,4,1365.3
Castilla y León,León,2025,4,985.3
Castilla y León,Palencia,2025,4,1008.9
Castilla y León,Salamanca,2025,4,1388.5
Castilla y León,Segovia,2025,4,1367.9
Castilla y León,Soria,2025,4,1064.7
Castilla y León,Valladolid,2025,4,1515.4
Castilla y León,Zamora,2025,4,898.0
Castilla - La Mancha,Total,2025,4,1115.4
Castilla - La Mancha,Albacete,2025,4,1139.4
Castilla - La Mancha,Ciudad Real,2025,4,787.4
Castilla - La Mancha,Cuenca,2025,4,895.1
Castilla - La Mancha,Guadalajara,2025,4,1598.9
Castilla - La Mancha,Toledo,2025,4,1139.7
Cataluña,Total,2025,4,2630.0
Cataluña,Barcelona,2025,4,3069.3
Cataluña,Girona,2025,4,2072.4
Cataluña,Lleida,2025,4,1205.4
Cataluña,Tarragona,2025,4,1721.6
Comunitat Valenciana,Total,2025,4,1795.4
Comunitat Valenciana,Alicante/Alacant,2025,4,1888.3
Comunitat Valenciana,Castellón/Castelló,2025,4,1364.6
Comunitat Valenciana,Valencia/València,2025,4,1822.8
Extremadura,Total,2025,4,927.4
Extremadura,Badajoz,2025,4,945.1
Extremadura,Cáceres,2025,4,902.5
Galicia,Total,2025,4,1549.1
Galicia,A Coruña,2025,4,1625.1
Galicia,Lugo,2025,4,1091.9
Galicia,Ourense,2025,4,1060.4
Galicia,Pontevedra,2025,4,1694.3
Comunidad de Madrid,Madrid,2025,4,3880.7
Región de Murcia,Murcia,2025,4,1254.9
Comunidad Foral de Navarra,Navarra,2025,4,1826.2
País Vasco,Total,2025,4,2956.3
País Vasco,Araba/Álava,2025,4,2391.5
País Vasco,Gipuzkoa,2025,4,3348.5
País Vasco,Bizkaia,2025,4,2886.8
La Rioja,La Rioja,2025,4,1343.5
Ceuta,Ceuta,2025,4,2144.1
Melilla,Melilla,2025,4,2061.7
